INSERT INTO customer_classes VALUES (1, 'normal');
INSERT INTO customer_classes VALUES (2, 'limited');
INSERT INTO customer_classes VALUES (3, 'special');

INSERT INTO `prefectures` VALUES
(1, 'Hokkaido'),
(2, 'Aomori'),
(3, 'Iwate'),
(4, 'Miyagi'),
(5, 'Akita'),
(6, 'Yamagata'),
(7, 'Fukushima'),
(8, 'Ibaraki'),
(9, 'Tochigi'),
(10, 'Gumma'),
(11, 'Saitama'),
(12, 'Chiba'),
(13, 'Tokyo'),
(14, 'Kanagawa'),
(15, 'Niigata'),
(16, 'Toyama'),
(17, 'Ishikawa'),
(18, 'Fukui'),
(19, 'Yamanashi'),
(20, 'Nagano'),
(21, 'Gifu'),
(22, 'Shizuoka'),
(23, 'Aichi'),
(24, 'Mie'),
(25, 'Shiga'),
(26, 'Kyoto'),
(27, 'Osaka'),
(28, 'Hyogo'),
(29, 'Nara'),
(30, 'Wakayama'),
(31, 'Tottori'),
(32, 'Shimane'),
(33, 'Okayama'),
(34, 'Hiroshima'),
(35, 'Yamaguchi'),
(36, 'Tokushima'),
(37, 'Kagawa'),
(38, 'Ehime'),
(39, 'Kochi'),
(40, 'Fukuoka'),
(41, 'Saga'),
(42, 'Nagasaki'),
(43, 'Kumamoto'),
(44, 'Oita'),
(45, 'Miyazaki'),
(46, 'Kagoshima'),
(47, 'Okinawa');

insert into customers (id, code, name, address, customer_class_id, prefecture_id) values (1, '37808-571', 'Butterfly, tropical buckeye', '8324 Holy Cross Place', 2, 28);
insert into customers (id, code, name, address, customer_class_id, prefecture_id) values (2, '0078-0492', 'Antelope, four-horned', '35445 Swallow Junction', 2, 39);
insert into customers (id, code, name, address, customer_class_id, prefecture_id) values (3, '61722-162', 'Lesser masked weaver', '302 Spaight Park', 1, 3);
insert into customers (id, code, name, address, customer_class_id, prefecture_id) values (4, '41163-427', 'Cat, european wild', '57 Onsgard Road', 1, 31);
insert into customers (id, code, name, address, customer_class_id, prefecture_id) values (5, '0615-7688', 'Whale, long-finned pilot', '7 Sloan Avenue', 1, 8);
insert into customers (id, code, name, address, customer_class_id, prefecture_id) values (6, '11822-6150', 'Cobra, cape', '8143 Southridge Crossing', 2, 47);
insert into customers (id, code, name, address, customer_class_id, prefecture_id) values (7, '68180-478', 'Gulls (unidentified)', '6005 Canary Point', 3, 46);
insert into customers (id, code, name, address, customer_class_id, prefecture_id) values (8, '42254-353', 'Hawk, ferruginous', '5 Birchwood Way', 3, 19);
insert into customers (id, code, name, address, customer_class_id, prefecture_id) values (9, '0228-2057', 'American crow', '427 Fallview Plaza', 1, 7);
insert into customers (id, code, name, address, customer_class_id, prefecture_id) values (10, '55289-058', 'African elephant', '169 Helena Way', 2, 33);
insert into customers (id, code, name, address, customer_class_id, prefecture_id) values (11, '76049-555', 'Bushpig', '2267 Columbus Junction', 2, 3);
insert into customers (id, code, name, address, customer_class_id, prefecture_id) values (12, '57520-0651', 'Paradoxure', '9 Brentwood Court', 2, 1);
insert into customers (id, code, name, address, customer_class_id, prefecture_id) values (13, '55312-595', 'Lilac-breasted roller', '16 Springs Avenue', 3, 23);
insert into customers (id, code, name, address, customer_class_id, prefecture_id) values (14, '65862-312', 'Dog, african wild', '2472 Eagle Crest Point', 3, 20);
insert into customers (id, code, name, address, customer_class_id, prefecture_id) values (15, '43857-0146', 'Australian sea lion', '994 Anzinger Center', 1, 37);
insert into customers (id, code, name, address, customer_class_id, prefecture_id) values (16, '66854-020', 'Long-billed corella', '9536 Sloan Plaza', 1, 6);
insert into customers (id, code, name, address, customer_class_id, prefecture_id) values (17, '0187-5150', 'Legaan, ground', '7 International Alley', 3, 18);
insert into customers (id, code, name, address, customer_class_id, prefecture_id) values (18, '0115-1071', 'Lemming, collared', '91627 Fair Oaks Junction', 2, 2);
insert into customers (id, code, name, address, customer_class_id, prefecture_id) values (19, '60505-0009', 'North American river otter', '459 Gale Avenue', 2, 22);
insert into customers (id, code, name, address, customer_class_id, prefecture_id) values (20, '58232-6003', 'Green vine snake', '0171 Raven Court', 2, 20);
insert into customers (id, code, name, address, customer_class_id, prefecture_id) values (21, '0074-3041', 'Grouse, sage', '2 Arapahoe Place', 2, 10);
insert into customers (id, code, name, address, customer_class_id, prefecture_id) values (22, '52125-381', 'Mynah, indian', '821 Kim Crossing', 2, 19);
insert into customers (id, code, name, address, customer_class_id, prefecture_id) values (23, '42254-267', 'Laughing kookaburra', '593 Melrose Place', 1, 9);
insert into customers (id, code, name, address, customer_class_id, prefecture_id) values (24, '51672-1260', 'Frilled dragon', '349 Sugar Plaza', 1, 30);
insert into customers (id, code, name, address, customer_class_id, prefecture_id) values (25, '53329-302', 'Bird, magnificent frigate', '239 Mallard Pass', 1, 21);
insert into customers (id, code, name, address, customer_class_id, prefecture_id) values (26, '0071-0525', 'Lapwing, southern', '735 Sage Road', 3, 17);
insert into customers (id, code, name, address, customer_class_id, prefecture_id) values (27, '68759-003', 'Woodpecker, red-headed', '167 Forest Dale Place', 1, 23);
insert into customers (id, code, name, address, customer_class_id, prefecture_id) values (28, '65044-5126', 'Rhea, greater', '82121 Holmberg Terrace', 2, 1);
insert into customers (id, code, name, address, customer_class_id, prefecture_id) values (29, '66312-181', 'Richardson''s ground squirrel', '44 Crescent Oaks Place', 3, 12);
insert into customers (id, code, name, address, customer_class_id, prefecture_id) values (30, '68788-9853', 'Wambenger, red-tailed', '89 Sullivan Plaza', 1, 32);
insert into customers (id, code, name, address, customer_class_id, prefecture_id) values (31, '50484-343', 'Peacock, blue', '882 Oxford Park', 2, 37);
insert into customers (id, code, name, address, customer_class_id, prefecture_id) values (32, '46122-224', 'Jackal, asiatic', '66 Lindbergh Center', 1, 23);
insert into customers (id, code, name, address, customer_class_id, prefecture_id) values (33, '17089-390', 'Heron, green-backed', '18 Kensington Parkway', 3, 1);
insert into customers (id, code, name, address, customer_class_id, prefecture_id) values (34, '48951-9178', 'Nuthatch, red-breasted', '87 Kings Terrace', 2, 7);
insert into customers (id, code, name, address, customer_class_id, prefecture_id) values (35, '0378-8880', 'Steenbok', '72 Kings Place', 1, 18);
insert into customers (id, code, name, address, customer_class_id, prefecture_id) values (36, '17238-520', 'Black rhinoceros', '78 Rusk Street', 2, 30);
insert into customers (id, code, name, address, customer_class_id, prefecture_id) values (37, '53329-818', 'European stork', '31232 Birchwood Hill', 2, 35);
insert into customers (id, code, name, address, customer_class_id, prefecture_id) values (38, '66336-921', 'Painted stork', '77 Ridgeway Drive', 1, 27);
insert into customers (id, code, name, address, customer_class_id, prefecture_id) values (39, '63517-200', 'Porcupine, north american', '4 Springview Parkway', 2, 34);
insert into customers (id, code, name, address, customer_class_id, prefecture_id) values (40, '65841-616', 'Bushbaby, large-eared', '1 Melby Circle', 2, 2);
insert into customers (id, code, name, address, customer_class_id, prefecture_id) values (41, '0409-0186', 'Grey fox', '7287 Manitowish Drive', 3, 47);
insert into customers (id, code, name, address, customer_class_id, prefecture_id) values (42, '68016-158', 'Dingo', '7 Mockingbird Place', 3, 25);
insert into customers (id, code, name, address, customer_class_id, prefecture_id) values (43, '10191-1795', 'Dragon, frilled', '59 Hintze Place', 1, 31);
insert into customers (id, code, name, address, customer_class_id, prefecture_id) values (44, '49349-247', 'Squirrel, richardson''s ground', '46 Northport Trail', 3, 28);
insert into customers (id, code, name, address, customer_class_id, prefecture_id) values (45, '0113-0685', 'Southern sea lion', '9 Acker Junction', 1, 24);
insert into customers (id, code, name, address, customer_class_id, prefecture_id) values (46, '68462-198', 'Red-capped cardinal', '008 Kim Drive', 2, 17);
insert into customers (id, code, name, address, customer_class_id, prefecture_id) values (47, '65862-564', 'Arboral spiny rat', '6 Michigan Place', 1, 15);
insert into customers (id, code, name, address, customer_class_id, prefecture_id) values (48, '42248-110', 'Bee-eater, carmine', '7489 Tomscot Way', 1, 38);
insert into customers (id, code, name, address, customer_class_id, prefecture_id) values (49, '14783-013', 'Stork, greater adjutant', '2 Briar Crest Pass', 2, 21);
insert into customers (id, code, name, address, customer_class_id, prefecture_id) values (50, '58118-1115', 'Nine-banded armadillo', '772 Division Place', 2, 36);
insert into customers (id, code, name, address, customer_class_id, prefecture_id) values (51, '0378-3360', 'Greater kudu', '424 Sutteridge Street', 2, 5);
insert into customers (id, code, name, address, customer_class_id, prefecture_id) values (52, '36800-013', 'Camel, dromedary', '38 Stang Alley', 1, 23);
insert into customers (id, code, name, address, customer_class_id, prefecture_id) values (53, '50730-8204', 'Grizzly bear', '590 East Street', 3, 34);
insert into customers (id, code, name, address, customer_class_id, prefecture_id) values (54, '17630-2021', 'Golden brush-tailed possum', '4703 Claremont Road', 1, 46);
insert into customers (id, code, name, address, customer_class_id, prefecture_id) values (55, '43547-258', 'Plover, blacksmith', '0 Manitowish Junction', 3, 3);
insert into customers (id, code, name, address, customer_class_id, prefecture_id) values (56, '21695-201', 'Eastern quoll', '3 Sunbrook Street', 2, 9);
insert into customers (id, code, name, address, customer_class_id, prefecture_id) values (57, '50017-022', 'Ringtail', '1 Valley Edge Parkway', 1, 40);
insert into customers (id, code, name, address, customer_class_id, prefecture_id) values (58, '36987-2407', 'Southern ground hornbill', '681 Bobwhite Pass', 3, 18);
insert into customers (id, code, name, address, customer_class_id, prefecture_id) values (59, '57520-0012', 'Roe deer', '63276 Mallard Trail', 1, 8);
insert into customers (id, code, name, address, customer_class_id, prefecture_id) values (60, '63629-5216', 'Macaque, japanese', '2396 Pearson Way', 1, 14);
insert into customers (id, code, name, address, customer_class_id, prefecture_id) values (61, '68016-191', 'Ostrich', '09 Coolidge Drive', 1, 23);
insert into customers (id, code, name, address, customer_class_id, prefecture_id) values (62, '55154-1390', 'Corella, long-billed', '7467 Springs Drive', 1, 20);
insert into customers (id, code, name, address, customer_class_id, prefecture_id) values (63, '68428-160', 'Two-toed tree sloth', '2799 Arapahoe Parkway', 2, 24);
insert into customers (id, code, name, address, customer_class_id, prefecture_id) values (64, '63304-154', 'Cat, european wild', '84171 Hanover Parkway', 1, 17);
insert into customers (id, code, name, address, customer_class_id, prefecture_id) values (65, '0456-2202', 'Robin, kalahari scrub', '1 Sherman Street', 3, 5);
insert into customers (id, code, name, address, customer_class_id, prefecture_id) values (66, '57337-015', 'Raccoon dog', '1 Namekagon Alley', 2, 24);
insert into customers (id, code, name, address, customer_class_id, prefecture_id) values (67, '0456-0055', 'Northern phalarope', '649 Shoshone Parkway', 1, 23);
insert into customers (id, code, name, address, customer_class_id, prefecture_id) values (68, '51386-736', 'Blue-tongued lizard', '59839 Clyde Gallagher Hill', 3, 40);
insert into customers (id, code, name, address, customer_class_id, prefecture_id) values (69, '58789-500', 'African porcupine', '04 Weeping Birch Parkway', 2, 29);
insert into customers (id, code, name, address, customer_class_id, prefecture_id) values (70, '0268-0081', 'Smith''s bush squirrel', '514 Mallard Drive', 3, 11);
insert into customers (id, code, name, address, customer_class_id, prefecture_id) values (71, '59970-173', 'Booby, blue-footed', '28022 Ruskin Hill', 3, 14);
insert into customers (id, code, name, address, customer_class_id, prefecture_id) values (72, '49288-0870', 'Chacma baboon', '466 Shoshone Alley', 2, 22);
insert into customers (id, code, name, address, customer_class_id, prefecture_id) values (73, '65966-011', 'Whale, long-finned pilot', '25 Anthes Terrace', 3, 12);
insert into customers (id, code, name, address, customer_class_id, prefecture_id) values (74, '52069-103', 'Yellow-necked spurfowl', '81301 Main Hill', 2, 47);
insert into customers (id, code, name, address, customer_class_id, prefecture_id) values (75, '0009-5137', 'Tortoise, burmese black mountain', '6 Helena Crossing', 2, 1);
insert into customers (id, code, name, address, customer_class_id, prefecture_id) values (76, '13537-539', 'Tamandua, southern', '45788 Trailsway Plaza', 3, 46);
insert into customers (id, code, name, address, customer_class_id, prefecture_id) values (77, '75870-003', 'Bald eagle', '7367 Dixon Road', 3, 42);
insert into customers (id, code, name, address, customer_class_id, prefecture_id) values (78, '14783-311', 'Gila monster', '8916 Maple Wood Center', 2, 43);
insert into customers (id, code, name, address, customer_class_id, prefecture_id) values (79, '42291-649', 'Little brown bat', '328 Nobel Way', 3, 8);
insert into customers (id, code, name, address, customer_class_id, prefecture_id) values (80, '50383-043', 'Kangaroo, western grey', '3 Northport Center', 3, 33);
insert into customers (id, code, name, address, customer_class_id, prefecture_id) values (81, '13537-005', 'Egyptian vulture', '83 Warrior Place', 2, 29);
insert into customers (id, code, name, address, customer_class_id, prefecture_id) values (82, '68151-4504', 'Lemur, lesser mouse', '48233 Kenwood Point', 3, 24);
insert into customers (id, code, name, address, customer_class_id, prefecture_id) values (83, '13668-008', 'Opossum, american virginia', '80 Ramsey Street', 2, 11);
insert into customers (id, code, name, address, customer_class_id, prefecture_id) values (84, '64942-1285', 'Blue-breasted cordon bleu', '94315 Eagle Crest Road', 2, 16);
insert into customers (id, code, name, address, customer_class_id, prefecture_id) values (85, '68180-197', 'Common grenadier', '17456 Golf View Parkway', 1, 36);
insert into customers (id, code, name, address, customer_class_id, prefecture_id) values (86, '54868-2323', 'Arctic lemming', '890 La Follette Court', 3, 20);
insert into customers (id, code, name, address, customer_class_id, prefecture_id) values (87, '43857-0086', 'Squirrel, antelope ground', '63779 Knutson Road', 2, 47);
insert into customers (id, code, name, address, customer_class_id, prefecture_id) values (88, '49288-0823', 'Vervet monkey', '8 Fisk Park', 2, 39);
insert into customers (id, code, name, address, customer_class_id, prefecture_id) values (89, '16590-835', 'Starling, greater blue-eared', '28427 Kedzie Circle', 3, 33);
insert into customers (id, code, name, address, customer_class_id, prefecture_id) values (90, '58118-0648', 'Wagtail, african pied', '7851 Dottie Court', 1, 45);
insert into customers (id, code, name, address, customer_class_id, prefecture_id) values (91, '24236-586', 'Crowned eagle', '1 Emmet Terrace', 2, 28);
insert into customers (id, code, name, address, customer_class_id, prefecture_id) values (92, '49738-022', 'Sage hen', '897 New Castle Plaza', 2, 41);
insert into customers (id, code, name, address, customer_class_id, prefecture_id) values (93, '62584-159', 'Hudsonian godwit', '195 Northland Crossing', 1, 2);
insert into customers (id, code, name, address, customer_class_id, prefecture_id) values (94, '68745-2026', 'Porcupine, prehensile-tailed', '62252 Northland Drive', 1, 9);
insert into customers (id, code, name, address, customer_class_id, prefecture_id) values (95, '11523-7228', 'Cormorant (unidentified)', '93 Bunting Road', 3, 10);
insert into customers (id, code, name, address, customer_class_id, prefecture_id) values (96, '16714-352', 'Beisa oryx', '2 Old Gate Avenue', 1, 2);
insert into customers (id, code, name, address, customer_class_id, prefecture_id) values (97, '0409-7666', 'Red meerkat', '5365 Waxwing Lane', 2, 7);
insert into customers (id, code, name, address, customer_class_id, prefecture_id) values (98, '64679-215', 'Jabiru stork', '2411 Stephen Park', 3, 42);
insert into customers (id, code, name, address, customer_class_id, prefecture_id) values (99, '68016-280', 'Spoonbill, white', '7 Ryan Junction', 2, 32);
insert into customers (id, code, name, address, customer_class_id, prefecture_id) values (100, '68788-5665', 'Mexican beaded lizard', '957 Village Court', 1, 8);
insert into customers (id, code, name, address, customer_class_id, prefecture_id) values (101, '37000-715', 'Pheasant, ring-necked', '881 Macpherson Junction', 3, 40);
insert into customers (id, code, name, address, customer_class_id, prefecture_id) values (102, '0781-5784', 'Grant''s gazelle', '29444 Holmberg Circle', 1, 34);
insert into customers (id, code, name, address, customer_class_id, prefecture_id) values (103, '63187-154', 'Elk, Wapiti', '128 Spenser Junction', 1, 7);
insert into customers (id, code, name, address, customer_class_id, prefecture_id) values (104, '36987-1922', 'Wagtail, african pied', '9287 Lindbergh Park', 1, 15);
insert into customers (id, code, name, address, customer_class_id, prefecture_id) values (105, '0904-5200', 'Wagtail, african pied', '8855 Service Parkway', 3, 32);
insert into customers (id, code, name, address, customer_class_id, prefecture_id) values (106, '57691-116', 'Steenbuck', '5 Merrick Place', 1, 8);
insert into customers (id, code, name, address, customer_class_id, prefecture_id) values (107, '55749-100', 'Crested porcupine', '52 Colorado Hill', 2, 29);
insert into customers (id, code, name, address, customer_class_id, prefecture_id) values (108, '36800-532', 'Paradoxure', '5951 Transport Alley', 1, 6);
insert into customers (id, code, name, address, customer_class_id, prefecture_id) values (109, '57896-639', 'Gonolek, burchell''s', '9 Mallory Avenue', 2, 21);
insert into customers (id, code, name, address, customer_class_id, prefecture_id) values (110, '76214-031', 'Scarlet macaw', '35 Hazelcrest Street', 3, 5);
insert into customers (id, code, name, address, customer_class_id, prefecture_id) values (111, '63304-959', 'Vicuna', '3680 Autumn Leaf Hill', 1, 32);
insert into customers (id, code, name, address, customer_class_id, prefecture_id) values (112, '37012-626', 'African skink', '51 Mallard Pass', 3, 39);
insert into customers (id, code, name, address, customer_class_id, prefecture_id) values (113, '36987-2294', 'White-winged dove', '13 Lyons Alley', 1, 44);
insert into customers (id, code, name, address, customer_class_id, prefecture_id) values (114, '66530-250', 'Pigeon, wood', '5653 Division Trail', 2, 4);
insert into customers (id, code, name, address, customer_class_id, prefecture_id) values (115, '41163-205', 'Bear, black', '670 Milwaukee Junction', 3, 31);
insert into customers (id, code, name, address, customer_class_id, prefecture_id) values (116, '60258-860', 'Radiated tortoise', '7 Lighthouse Bay Point', 1, 26);
insert into customers (id, code, name, address, customer_class_id, prefecture_id) values (117, '68428-142', 'Tyrant flycatcher', '7159 Lake View Lane', 2, 45);
insert into customers (id, code, name, address, customer_class_id, prefecture_id) values (118, '42254-183', 'Numbat', '241 Lien Crossing', 3, 2);
insert into customers (id, code, name, address, customer_class_id, prefecture_id) values (119, '30142-191', 'Paradoxure', '58670 Killdeer Junction', 2, 10);
insert into customers (id, code, name, address, customer_class_id, prefecture_id) values (120, '62670-4590', 'Mountain lion', '7613 Crownhardt Lane', 2, 45);
insert into customers (id, code, name, address, customer_class_id, prefecture_id) values (121, '53440-005', 'Small-spotted genet', '7 Muir Avenue', 3, 40);
insert into customers (id, code, name, address, customer_class_id, prefecture_id) values (122, '59779-737', 'Canadian tiger swallowtail butterfly', '29435 Blackbird Way', 3, 9);
insert into customers (id, code, name, address, customer_class_id, prefecture_id) values (123, '42637-823', 'Dromedary camel', '63 Declaration Way', 1, 11);
insert into customers (id, code, name, address, customer_class_id, prefecture_id) values (124, '50114-1010', 'Racer, american', '7734 Stephen Center', 3, 41);
insert into customers (id, code, name, address, customer_class_id, prefecture_id) values (125, '58668-6200', 'Aardwolf', '31343 Rutledge Pass', 3, 35);
insert into customers (id, code, name, address, customer_class_id, prefecture_id) values (126, '36987-2993', 'Vulture, king', '8460 Pierstorff Point', 3, 14);
insert into customers (id, code, name, address, customer_class_id, prefecture_id) values (127, '0268-1355', 'Green-backed heron', '704 Bashford Place', 1, 31);
insert into customers (id, code, name, address, customer_class_id, prefecture_id) values (128, '0615-7626', 'Tropical buckeye butterfly', '9116 Pine View Plaza', 2, 19);
insert into customers (id, code, name, address, customer_class_id, prefecture_id) values (129, '49288-0853', 'Rufous tree pie', '55 7th Circle', 2, 23);
insert into customers (id, code, name, address, customer_class_id, prefecture_id) values (130, '36800-340', 'Stork, woolly-necked', '7815 Hoepker Way', 2, 21);
insert into customers (id, code, name, address, customer_class_id, prefecture_id) values (131, '16590-281', 'Crocodile, nile', '2 Jackson Drive', 2, 10);
insert into customers (id, code, name, address, customer_class_id, prefecture_id) values (132, '60681-0205', 'Burmese brown mountain tortoise', '61 Bluejay Plaza', 2, 14);
insert into customers (id, code, name, address, customer_class_id, prefecture_id) values (133, '54868-5620', 'Deer, roe', '16 Walton Hill', 2, 5);
insert into customers (id, code, name, address, customer_class_id, prefecture_id) values (134, '37205-668', 'Red-tailed cockatoo', '45417 Oriole Point', 1, 14);
insert into customers (id, code, name, address, customer_class_id, prefecture_id) values (135, '56062-388', 'Collared peccary', '7 Cambridge Street', 1, 18);
insert into customers (id, code, name, address, customer_class_id, prefecture_id) values (136, '31190-100', 'Moose', '019 Hagan Center', 3, 25);
insert into customers (id, code, name, address, customer_class_id, prefecture_id) values (137, '52644-003', 'Woodpecker, downy', '21309 Linden Alley', 1, 29);
insert into customers (id, code, name, address, customer_class_id, prefecture_id) values (138, '66993-060', 'Stork, woolly-necked', '1465 Farmco Lane', 3, 43);
insert into customers (id, code, name, address, customer_class_id, prefecture_id) values (139, '0268-6186', 'Eagle, white-bellied sea', '86 Portage Lane', 3, 11);
insert into customers (id, code, name, address, customer_class_id, prefecture_id) values (140, '63629-1533', 'Asian red fox', '8361 Moose Plaza', 1, 2);
insert into customers (id, code, name, address, customer_class_id, prefecture_id) values (141, '37205-128', 'Waxbill, violet-eared', '4766 Talmadge Street', 3, 24);
insert into customers (id, code, name, address, customer_class_id, prefecture_id) values (142, '76075-101', 'Short-nosed bandicoot', '818 Chive Center', 2, 14);
insert into customers (id, code, name, address, customer_class_id, prefecture_id) values (143, '42926-161', 'Goanna lizard', '34032 Kingsford Junction', 1, 10);
insert into customers (id, code, name, address, customer_class_id, prefecture_id) values (144, '57664-369', 'Capybara', '41440 Browning Alley', 1, 7);
insert into customers (id, code, name, address, customer_class_id, prefecture_id) values (145, '0143-9787', 'Pelican, eastern white', '88343 Doe Crossing Pass', 3, 33);
insert into customers (id, code, name, address, customer_class_id, prefecture_id) values (146, '58668-2841', 'Weaver, lesser masked', '6 Grayhawk Trail', 3, 27);
insert into customers (id, code, name, address, customer_class_id, prefecture_id) values (147, '0456-0460', 'White-winged tern', '978 Esker Avenue', 2, 35);
insert into customers (id, code, name, address, customer_class_id, prefecture_id) values (148, '10267-0836', 'Desert tortoise', '0016 Lotheville Place', 3, 25);
insert into customers (id, code, name, address, customer_class_id, prefecture_id) values (149, '49304-0010', 'Brown capuchin', '3667 Waxwing Avenue', 1, 7);
insert into customers (id, code, name, address, customer_class_id, prefecture_id) values (150, '53808-0997', 'Red phalarope', '4 Scoville Road', 3, 22);
insert into customers (id, code, name, address, customer_class_id, prefecture_id) values (151, '33261-064', 'Common genet', '05 Spenser Alley', 2, 41);
insert into customers (id, code, name, address, customer_class_id, prefecture_id) values (152, '51346-149', 'Crested barbet', '0 Dwight Drive', 3, 31);
insert into customers (id, code, name, address, customer_class_id, prefecture_id) values (153, '48951-4042', 'Malagasy ground boa', '85 Walton Alley', 2, 45);
insert into customers (id, code, name, address, customer_class_id, prefecture_id) values (154, '54868-4336', 'Raven, white-necked', '3383 Macpherson Road', 1, 20);
insert into customers (id, code, name, address, customer_class_id, prefecture_id) values (155, '64942-1186', 'Cormorant, javanese', '7527 Stuart Park', 3, 5);
insert into customers (id, code, name, address, customer_class_id, prefecture_id) values (156, '68788-9116', 'Toddy cat', '6100 Manufacturers Circle', 3, 41);
insert into customers (id, code, name, address, customer_class_id, prefecture_id) values (157, '49349-423', 'Goose, spur-winged', '68 Hauk Circle', 3, 26);
insert into customers (id, code, name, address, customer_class_id, prefecture_id) values (158, '51452-003', 'Sloth, hoffman''s', '7 Fieldstone Center', 1, 26);
insert into customers (id, code, name, address, customer_class_id, prefecture_id) values (159, '53329-057', 'Hoffman''s sloth', '181 Rowland Lane', 2, 36);
insert into customers (id, code, name, address, customer_class_id, prefecture_id) values (160, '54868-2451', 'Tiger snake', '18540 East Way', 3, 32);
insert into customers (id, code, name, address, customer_class_id, prefecture_id) values (161, '60867-104', 'Greater flamingo', '578 Caliangt Alley', 1, 33);
insert into customers (id, code, name, address, customer_class_id, prefecture_id) values (162, '51523-006', 'Fairy penguin', '91647 Jay Alley', 3, 40);
insert into customers (id, code, name, address, customer_class_id, prefecture_id) values (163, '64117-553', 'Madagascar fruit bat', '4 Clove Street', 1, 39);
insert into customers (id, code, name, address, customer_class_id, prefecture_id) values (164, '30142-678', 'Egret, great', '3137 Goodland Lane', 1, 9);
insert into customers (id, code, name, address, customer_class_id, prefecture_id) values (165, '63629-3308', 'Alligator, mississippi', '9 Moulton Place', 3, 14);
insert into customers (id, code, name, address, customer_class_id, prefecture_id) values (166, '54451-001', 'Stork, white', '60 Heath Point', 2, 25);
insert into customers (id, code, name, address, customer_class_id, prefecture_id) values (167, '54868-2183', 'Pie, rufous tree', '19 Wayridge Street', 3, 10);
insert into customers (id, code, name, address, customer_class_id, prefecture_id) values (168, '58133-075', 'Fox, asian red', '3156 Elgar Drive', 1, 5);
insert into customers (id, code, name, address, customer_class_id, prefecture_id) values (169, '62670-4811', 'Lion, california sea', '038 Hoffman Drive', 3, 26);
insert into customers (id, code, name, address, customer_class_id, prefecture_id) values (170, '52544-896', 'Common wombat', '50 Linden Junction', 1, 30);
insert into customers (id, code, name, address, customer_class_id, prefecture_id) values (171, '64380-759', 'African snake (unidentified)', '7826 Scofield Alley', 3, 17);
insert into customers (id, code, name, address, customer_class_id, prefecture_id) values (172, '60512-2007', 'Harbor seal', '1724 Morningstar Junction', 1, 13);
insert into customers (id, code, name, address, customer_class_id, prefecture_id) values (173, '0615-7551', 'Gecko, ring-tailed', '32562 South Avenue', 3, 29);
insert into customers (id, code, name, address, customer_class_id, prefecture_id) values (174, '51079-191', 'Suricate', '083 Forest Dale Alley', 2, 28);
insert into customers (id, code, name, address, customer_class_id, prefecture_id) values (175, '68196-432', 'Water moccasin', '804 Browning Road', 2, 26);
insert into customers (id, code, name, address, customer_class_id, prefecture_id) values (176, '53808-0273', 'Hen, sage', '82 Luster Center', 3, 40);
insert into customers (id, code, name, address, customer_class_id, prefecture_id) values (177, '55315-550', 'Tortoise, galapagos', '531 Elgar Plaza', 2, 31);
insert into customers (id, code, name, address, customer_class_id, prefecture_id) values (178, '68180-223', 'Uinta ground squirrel', '56561 Kings Junction', 3, 21);
insert into customers (id, code, name, address, customer_class_id, prefecture_id) values (179, '67138-533', 'Catfish, blue', '1 Doe Crossing Terrace', 1, 5);
insert into customers (id, code, name, address, customer_class_id, prefecture_id) values (180, '50436-3523', 'Viper, egyptian', '94 Prentice Point', 2, 42);
insert into customers (id, code, name, address, customer_class_id, prefecture_id) values (181, '44781-170', 'Western pygmy possum', '6471 Straubel Plaza', 3, 14);
insert into customers (id, code, name, address, customer_class_id, prefecture_id) values (182, '13630-0024', 'Rat, desert kangaroo', '106 Summerview Road', 2, 38);
insert into customers (id, code, name, address, customer_class_id, prefecture_id) values (183, '67457-182', 'Galapagos mockingbird', '2 Merry Trail', 3, 27);
insert into customers (id, code, name, address, customer_class_id, prefecture_id) values (184, '55154-8278', 'Suricate', '48 Shelley Road', 3, 21);
insert into customers (id, code, name, address, customer_class_id, prefecture_id) values (185, '29300-116', 'Sage grouse', '412 Grim Street', 1, 13);
insert into customers (id, code, name, address, customer_class_id, prefecture_id) values (186, '0179-0068', 'Seal, harbor', '461 Stone Corner Avenue', 3, 24);
insert into customers (id, code, name, address, customer_class_id, prefecture_id) values (187, '61715-045', 'Porcupine, north american', '0033 Fisk Terrace', 2, 43);
insert into customers (id, code, name, address, customer_class_id, prefecture_id) values (188, '51824-036', 'Gazelle, thomson''s', '47 Hollow Ridge Street', 3, 12);
insert into customers (id, code, name, address, customer_class_id, prefecture_id) values (189, '41250-177', 'Long-finned pilot whale', '8129 Luster Crossing', 2, 44);
insert into customers (id, code, name, address, customer_class_id, prefecture_id) values (190, '36987-2453', 'Coatimundi, white-nosed', '18574 Eliot Trail', 1, 34);
insert into customers (id, code, name, address, customer_class_id, prefecture_id) values (191, '49520-101', 'Tiger cat', '494 Lighthouse Bay Park', 1, 25);
insert into customers (id, code, name, address, customer_class_id, prefecture_id) values (192, '11822-6160', 'Grouse, greater sage', '61 Hayes Terrace', 2, 4);
insert into customers (id, code, name, address, customer_class_id, prefecture_id) values (193, '0135-0540', 'Macaw, red and blue', '3 Shoshone Court', 1, 31);
insert into customers (id, code, name, address, customer_class_id, prefecture_id) values (194, '55154-5737', 'Shrike, southern white-crowned', '9638 Summer Ridge Pass', 1, 44);
insert into customers (id, code, name, address, customer_class_id, prefecture_id) values (195, '76138-204', 'Sandgrouse, yellow-throated', '27 Kings Park', 3, 24);
insert into customers (id, code, name, address, customer_class_id, prefecture_id) values (196, '10096-0216', 'Heron, little', '57381 Rutledge Street', 2, 21);
insert into customers (id, code, name, address, customer_class_id, prefecture_id) values (197, '39892-0802', 'Baboon, savanna', '1562 Commercial Terrace', 3, 6);
insert into customers (id, code, name, address, customer_class_id, prefecture_id) values (198, '0268-1192', 'White-tailed deer', '75 Claremont Road', 2, 46);
insert into customers (id, code, name, address, customer_class_id, prefecture_id) values (199, '49348-775', 'Jackal, indian', '48552 Mcbride Hill', 1, 37);
insert into customers (id, code, name, address, customer_class_id, prefecture_id) values (200, '42291-381', 'Curlew, black', '44 Logan Crossing', 3, 43);


INSERT INTO categories VALUES (1, 'wagashi');
INSERT INTO categories VALUES (2, 'cake');
INSERT INTO categories VALUES (3, 'chocolate');
INSERT INTO categories VALUES (4, 'jerry');
INSERT INTO categories VALUES (5, 'candy');

insert into products (id, code, name, price, categorie_id) values (1, '24338-516', 'Nystatin', '4700', 4);
insert into products (id, code, name, price, categorie_id) values (2, '42507-328', 'sore throat', '3200', 2);
insert into products (id, code, name, price, categorie_id) values (3, '60760-278', 'TOPIRAMATE', '3800', 3);
insert into products (id, code, name, price, categorie_id) values (4, '55312-215', 'day relief pe', '3800', 1);
insert into products (id, code, name, price, categorie_id) values (5, '49781-074', 'Leader Nite Time', '3600', 1);
insert into products (id, code, name, price, categorie_id) values (6, '50845-0213', 'Vital HGH Immune Booster', '4800', 3);
insert into products (id, code, name, price, categorie_id) values (7, '27293-027', 'Budpak Medicated Anti Itch', '3600', 5);
insert into products (id, code, name, price, categorie_id) values (8, '55856-0003', 'HGH Plus', '3400', 3);
insert into products (id, code, name, price, categorie_id) values (9, '21695-950', 'Metoprolol Succinate', '1000', 5);
insert into products (id, code, name, price, categorie_id) values (10, '68151-5051', 'COREG', '1800', 2);
insert into products (id, code, name, price, categorie_id) values (11, '57520-0436', 'Diabenex', '1200', 5);
insert into products (id, code, name, price, categorie_id) values (12, '0024-5401', 'Ambien', '700', 4);
insert into products (id, code, name, price, categorie_id) values (13, '59630-825', 'Rybix', '3100', 4);
insert into products (id, code, name, price, categorie_id) values (14, '11999-001', 'OXYGEN', '600', 3);
insert into products (id, code, name, price, categorie_id) values (15, '67510-0058', 'Oral Pain Relief', '1500', 3);
insert into products (id, code, name, price, categorie_id) values (16, '55714-2231', 'Candida - Yeast', '3600', 2);
insert into products (id, code, name, price, categorie_id) values (17, '68788-9944', 'Ciprofloxacin', '1100', 3);
insert into products (id, code, name, price, categorie_id) values (18, '10356-831', 'NIVEA for Men Replenishing Lip Balm', '2100', 1);
insert into products (id, code, name, price, categorie_id) values (19, '76029-001', 'Pain Relief', '3900', 1);
insert into products (id, code, name, price, categorie_id) values (20, '0378-1411', 'Verapamil Hydrochloride', '1100', 4);
insert into products (id, code, name, price, categorie_id) values (21, '65044-9943', 'Wasp hymenoptera venom Multidose', '4600', 1);
insert into products (id, code, name, price, categorie_id) values (22, '45802-263', 'Clindamycin Phosphate', '3300', 2);
insert into products (id, code, name, price, categorie_id) values (23, '61919-464', 'ONDANSETRON', '3000', 4);
insert into products (id, code, name, price, categorie_id) values (24, '58118-2274', 'Amlodipine Besylate and Benazepril Hydrochloride', '3400', 1);
insert into products (id, code, name, price, categorie_id) values (25, '62175-581', 'VERELAN', '1700', 1);
insert into products (id, code, name, price, categorie_id) values (26, '24385-175', 'Good Neighbor Pharmacy All Day Allergy D', '1100', 1);
insert into products (id, code, name, price, categorie_id) values (27, '48951-8128', 'Renes Cuprum Special Order', '2400', 1);
insert into products (id, code, name, price, categorie_id) values (28, '54868-4286', 'Warfarin Sodium', '3500', 3);
insert into products (id, code, name, price, categorie_id) values (29, '0121-4675', 'Valproic Acid', '3100', 4);
insert into products (id, code, name, price, categorie_id) values (30, '14783-208', 'LBEL FILLING EFFECT FOUNDATION SPF 10', '3500', 3);
insert into products (id, code, name, price, categorie_id) values (31, '65923-011', 'Family Care Nasal Relief', '2300', 1);
insert into products (id, code, name, price, categorie_id) values (32, '49349-472', 'Sertraline Hydrochloride', '3800', 2);
insert into products (id, code, name, price, categorie_id) values (33, '49897-066', 'Nuvel Hand Sanitizer', '3500', 4);
insert into products (id, code, name, price, categorie_id) values (34, '13537-019', 'LBEL', '500', 5);
insert into products (id, code, name, price, categorie_id) values (35, '11673-675', 'Medicated Pads', '3800', 1);
insert into products (id, code, name, price, categorie_id) values (36, '0781-1345', 'Meclizine Hydrochloride', '4200', 5);
insert into products (id, code, name, price, categorie_id) values (37, '43857-0281', 'Cough Syrup Formula', '3800', 5);
insert into products (id, code, name, price, categorie_id) values (38, '68788-9156', 'Levothyroxine Sodium', '2000', 3);
insert into products (id, code, name, price, categorie_id) values (39, '68089-004', 'Clear Sinus and Ear', '1300', 3);
insert into products (id, code, name, price, categorie_id) values (40, '62175-272', 'Oxybutynin Chloride', '4600', 4);
insert into products (id, code, name, price, categorie_id) values (41, '68428-098', 'Ferrum Phos Kit Refill', '3400', 1);
insert into products (id, code, name, price, categorie_id) values (42, '49643-350', 'Standardized Meadow Fescue Grass', '2500', 1);
insert into products (id, code, name, price, categorie_id) values (43, '10096-0284', 'Footworks', '3000', 4);
insert into products (id, code, name, price, categorie_id) values (44, '37000-010', 'Crest Pro-Health', '3500', 1);
insert into products (id, code, name, price, categorie_id) values (45, '0268-0130', 'CENTER-AL - OLEA EUROPAEA POLLEN', '4500', 1);
insert into products (id, code, name, price, categorie_id) values (46, '55154-3431', 'Ceftriaxone Sodium', '500', 4);
insert into products (id, code, name, price, categorie_id) values (47, '33342-090', 'RIVASTIGMINE TARTRATE', '4800', 5);
insert into products (id, code, name, price, categorie_id) values (48, '68084-436', 'Isosorbide mononitrate', '4300', 1);
insert into products (id, code, name, price, categorie_id) values (49, '0173-0761', 'LAMICTAL', '4200', 3);
insert into products (id, code, name, price, categorie_id) values (50, '55154-9371', 'Dexamethasone Sodium Phosphate', '4200', 4);
insert into products (id, code, name, price, categorie_id) values (51, '61589-3814', 'No7 Lifting and Firming Foundation Sunscreen SPF 15 Almond', '1700', 1);
insert into products (id, code, name, price, categorie_id) values (52, '0268-6125', 'COCOA BEAN', '4900', 1);
insert into products (id, code, name, price, categorie_id) values (53, '0363-0550', 'Nighttime D', '1000', 2);
insert into products (id, code, name, price, categorie_id) values (54, '55758-007', 'SanaTos Childrens Mucus Relief Cough', '2700', 3);
insert into products (id, code, name, price, categorie_id) values (55, '57520-0097', 'Flu Tonic', '3000', 4);
insert into products (id, code, name, price, categorie_id) values (56, '49781-107', 'Leader Allergy Relief', '4900', 5);
insert into products (id, code, name, price, categorie_id) values (57, '35000-048', 'Colgate', '4200', 1);
insert into products (id, code, name, price, categorie_id) values (58, '69138-783', 'Sani Claw Wipes', '3100', 3);
insert into products (id, code, name, price, categorie_id) values (59, '0268-1611', 'CHENOPODIUM AMBROSIOIDES POLLEN', '3900', 3);
insert into products (id, code, name, price, categorie_id) values (60, '13533-701', 'PROLASTIN-C', '1600', 5);
insert into products (id, code, name, price, categorie_id) values (61, '36987-1908', 'Botrytis cinerea', '2900', 1);
insert into products (id, code, name, price, categorie_id) values (62, '0093-4821', 'Lorazepam', '1800', 5);
insert into products (id, code, name, price, categorie_id) values (63, '54575-222', 'STEMPHYLIUM SARCINIFORME', '4300', 5);
insert into products (id, code, name, price, categorie_id) values (64, '37000-787', 'Head and Shoulders Conditioner', '3300', 5);
insert into products (id, code, name, price, categorie_id) values (65, '54575-452', 'RICE FOOD', '1100', 1);
insert into products (id, code, name, price, categorie_id) values (66, '50268-333', 'Fluoxetine', '4700', 3);
insert into products (id, code, name, price, categorie_id) values (67, '42507-403', 'pain relief', '4500', 5);
insert into products (id, code, name, price, categorie_id) values (68, '37205-186', 'LEADER Povidone - Iodine', '4800', 4);
insert into products (id, code, name, price, categorie_id) values (69, '49288-0863', 'Treatment Set TS346876', '4100', 2);
insert into products (id, code, name, price, categorie_id) values (70, '55289-473', 'PEPCID', '4900', 1);
insert into products (id, code, name, price, categorie_id) values (71, '67777-160', 'Lemon Glycerin', '2600', 3);
insert into products (id, code, name, price, categorie_id) values (72, '36800-358', 'TopCare Sinus and Allergy PE', '1100', 4);
insert into products (id, code, name, price, categorie_id) values (73, '0703-1995', 'Epoprostenol Sodium', '1600', 5);
insert into products (id, code, name, price, categorie_id) values (74, '53104-0151', 'Irinotecan Hydrochloride', '2800', 1);
insert into products (id, code, name, price, categorie_id) values (75, '63029-900', 'PediaCare Infants', '4700', 3);
insert into products (id, code, name, price, categorie_id) values (76, '37205-535', 'Leader Antacid', '3800', 5);
insert into products (id, code, name, price, categorie_id) values (77, '60505-2807', 'Carbamazepine', '2600', 4);
insert into products (id, code, name, price, categorie_id) values (78, '67457-393', 'Doxorubicin Hydrochloride', '2200', 2);
insert into products (id, code, name, price, categorie_id) values (79, '0281-0365', 'DigiFab', '1000', 5);
insert into products (id, code, name, price, categorie_id) values (80, '63629-4708', 'Zolpidem tartrate', '1000', 3);
insert into products (id, code, name, price, categorie_id) values (81, '13551-501', 'Primsol', '2100', 4);
insert into products (id, code, name, price, categorie_id) values (82, '68828-123', 'Tender Moments Baby Sunscreen Broad Spectrum SPF 45', '3500', 4);
insert into products (id, code, name, price, categorie_id) values (83, '0143-9979', 'Cefuroxime', '3300', 5);
insert into products (id, code, name, price, categorie_id) values (84, '63824-335', 'Clearasil Daily Clear', '2500', 5);
insert into products (id, code, name, price, categorie_id) values (85, '0268-6502', 'ALTERNARIA TENUIS', '2600', 1);
insert into products (id, code, name, price, categorie_id) values (86, '33261-386', 'Trazodone Hydrochloride', '4300', 2);
insert into products (id, code, name, price, categorie_id) values (87, '50268-098', 'Azithromycin', '4100', 1);
insert into products (id, code, name, price, categorie_id) values (88, '57664-230', 'METHYLPHENIDATE HYDROCHLORIDE', '700', 4);
insert into products (id, code, name, price, categorie_id) values (89, '55154-5650', 'Diphenoxylate Hydrochloride and Atropine Sulfate', '4900', 1);
insert into products (id, code, name, price, categorie_id) values (90, '54973-9113', 'Menopause', '2800', 3);
insert into products (id, code, name, price, categorie_id) values (91, '11673-556', 'Acetaminophen PM', '2800', 3);
insert into products (id, code, name, price, categorie_id) values (92, '35000-675', 'Protex Balance antibacterial hand', '3200', 5);
insert into products (id, code, name, price, categorie_id) values (93, '0363-0133', 'wal flu', '3900', 1);
insert into products (id, code, name, price, categorie_id) values (94, '36987-1701', 'Horseradish', '2300', 1);
insert into products (id, code, name, price, categorie_id) values (95, '55289-057', 'Cephalexin', '4500', 1);
insert into products (id, code, name, price, categorie_id) values (96, '54575-951', 'LIVE OAK POLLEN', '4600', 3);
insert into products (id, code, name, price, categorie_id) values (97, '54838-115', 'Pediatric Cough and Cold Medicine', '2400', 1);
insert into products (id, code, name, price, categorie_id) values (98, '65841-767', 'Zolmitriptan', '1200', 5);
insert into products (id, code, name, price, categorie_id) values (99, '49721-0003', 'RK Detox', '4500', 1);
insert into products (id, code, name, price, categorie_id) values (100, '60760-266', 'LISINOPRIL', '4000', 1);


INSERT INTO departments VALUES (1, 'sales div1');
INSERT INTO departments VALUES (2, 'sales div2');
INSERT INTO departments VALUES (3, 'sales div3');


insert into employees (id, name, height, weight, email, hired_year, birthday, blood_type) values (1, 'Marnia Smales', 180.8, 146.4, 'msmales0@xinhuanet.com', 2003, '1995-03-26 20:03:30', 'O');
insert into employees (id, name, height, weight, email, hired_year, birthday, blood_type) values (2, 'Richmound Yegorovnin', 206.0, 105.6, 'ryegorovnin1@google.co.jp', 2012, '1990-03-02 07:23:30', 'O');
insert into employees (id, name, height, weight, email, hired_year, birthday, blood_type) values (3, 'Ulrick Gogerty', 198.0, 99.0, 'ugogerty2@abc.net.au', 2014, '1967-03-05 14:41:27', 'A');
insert into employees (id, name, height, weight, email, hired_year, birthday, blood_type) values (4, 'Rafaello Greatreax', 180.2, 91.7, 'rgreatreax3@4shared.com', 2004, '1977-07-15 03:18:09', 'AB');
insert into employees (id, name, height, weight, email, hired_year, birthday, blood_type) values (5, 'Clemmy Garment', 155.5, 82.4, 'cgarment4@japanpost.jp', 2017, '1999-11-11 02:27:20', 'B');
insert into employees (id, name, height, weight, email, hired_year, birthday, blood_type) values (6, 'Brittany Kinchley', 203.4, 124.1, 'bkinchley5@fastcompany.com', 2012, '1975-08-30 06:12:12', 'B');
insert into employees (id, name, height, weight, email, hired_year, birthday, blood_type) values (7, 'Clerkclaude Vlies', 156.1, 138.2, 'cvlies6@washingtonpost.com', 2014, '1980-02-27 02:48:39', 'A');
insert into employees (id, name, height, weight, email, hired_year, birthday, blood_type) values (8, 'Sven McCullock', 187.3, 81.0, 'smccullock7@dedecms.com', 2010, '1983-03-05 21:37:20', 'O');
insert into employees (id, name, height, weight, email, hired_year, birthday, blood_type) values (9, 'Rivi Jacobsson', 185.8, 119.4, 'rjacobsson8@google.es', 2012, '1973-03-12 21:14:05', 'A');
insert into employees (id, name, height, weight, email, hired_year, birthday, blood_type) values (10, 'Prue Siverns', 168.9, 134.5, 'psiverns9@wufoo.com', 2004, '1982-03-17 21:54:30', 'AB');
insert into employees (id, name, height, weight, email, hired_year, birthday, blood_type) values (11, 'Leontine Domb', 150.4, 74.5, 'ldomba@indiegogo.com', 2005, '2000-11-05 08:08:26', 'A');
insert into employees (id, name, height, weight, email, hired_year, birthday, blood_type) values (12, 'Bryon Doret', 184.3, 81.8, 'bdoretb@hp.com', 2009, '1976-07-20 04:12:18', 'A');
insert into employees (id, name, height, weight, email, hired_year, birthday, blood_type) values (13, 'Warde Fruchter', 181.0, 74.7, 'wfruchterc@cdbaby.com', 2007, '1988-06-29 16:23:32', 'A');
insert into employees (id, name, height, weight, email, hired_year, birthday, blood_type) values (14, 'Arturo Laban', 151.8, 128.6, 'alaband@bravesites.com', 2008, '1987-09-16 19:31:34', 'O');
insert into employees (id, name, height, weight, email, hired_year, birthday, blood_type) values (15, 'Kalindi Mainson', 190.7, 95.6, 'kmainsone@merriam-webster.com', 2009, '1997-07-24 16:44:45', 'B');
insert into employees (id, name, height, weight, email, hired_year, birthday, blood_type) values (16, 'Wenda Goodnow', 189.6, 69.8, 'wgoodnowf@mediafire.com', 2004, '1976-11-22 18:22:52', 'B');
insert into employees (id, name, height, weight, email, hired_year, birthday, blood_type) values (17, 'Winonah Sictornes', 197.0, 101.9, 'wsictornesg@google.nl', 2009, '1997-11-10 11:44:41', 'B');
insert into employees (id, name, height, weight, email, hired_year, birthday, blood_type) values (18, 'Jeanine Giles', 172.9, 105.7, 'jgilesh@geocities.com', 2008, '1969-08-29 05:09:09', 'B');
insert into employees (id, name, height, weight, email, hired_year, birthday, blood_type) values (19, 'Ninnetta Vieyra', 173.4, 123.3, 'nvieyrai@mapy.cz', 2006, '1977-01-20 05:56:55', 'O');
insert into employees (id, name, height, weight, email, hired_year, birthday, blood_type) values (20, 'Boycie Vezey', 199.0, 81.2, 'bvezeyj@whitehouse.gov', 2013, '1980-02-29 17:25:21', 'AB');

insert into belongtos (id, employee_id, department_id, started_at, ended_at) values (1, 1, 3, '2005-05-18 01:30:05', '2017-03-24 12:33:04');
insert into belongtos (id, employee_id, department_id, started_at, ended_at) values (2, 2, 2, '2013-05-18 19:28:54', '2003-06-26 20:25:30');
insert into belongtos (id, employee_id, department_id, started_at, ended_at) values (3, 3, 1, '2003-02-19 06:04:08', '2008-09-07 11:01:29');
insert into belongtos (id, employee_id, department_id, started_at, ended_at) values (4, 4, 2, '2017-05-20 21:10:56', '2010-11-08 07:23:13');
insert into belongtos (id, employee_id, department_id, started_at, ended_at) values (5, 5, 1, '2005-06-07 01:30:58', '2005-06-10 03:52:39');
insert into belongtos (id, employee_id, department_id, started_at, ended_at) values (6, 6, 1, '2007-02-10 10:09:54', '2006-11-06 20:27:35');
insert into belongtos (id, employee_id, department_id, started_at, ended_at) values (7, 7, 3, '2003-06-24 22:42:16', '2002-05-17 04:22:03');
insert into belongtos (id, employee_id, department_id, started_at, ended_at) values (8, 8, 3, '2003-11-29 01:52:45', '2009-09-25 09:14:23');
insert into belongtos (id, employee_id, department_id, started_at, ended_at) values (9, 9, 1, '2016-12-24 12:06:07', '2013-03-28 03:07:25');
insert into belongtos (id, employee_id, department_id, started_at, ended_at) values (10, 10, 1, '2005-06-06 10:57:25', '2014-11-16 05:26:54');
insert into belongtos (id, employee_id, department_id, started_at, ended_at) values (11, 11, 1, '2014-02-27 04:04:38', '2015-11-27 11:41:25');
insert into belongtos (id, employee_id, department_id, started_at, ended_at) values (12, 12, 1, '2012-05-23 07:55:35', '2005-02-21 07:23:03');
insert into belongtos (id, employee_id, department_id, started_at, ended_at) values (13, 13, 2, '2002-12-07 00:16:16', '2016-09-06 15:35:24');
insert into belongtos (id, employee_id, department_id, started_at, ended_at) values (14, 14, 2, '2018-04-29 01:18:58', '2005-12-14 08:51:32');
insert into belongtos (id, employee_id, department_id, started_at, ended_at) values (15, 15, 1, '2005-11-14 02:48:06', '2012-04-25 23:19:13');
insert into belongtos (id, employee_id, department_id, started_at, ended_at) values (16, 16, 2, '2003-03-13 14:16:35', '2013-02-07 13:34:36');
insert into belongtos (id, employee_id, department_id, started_at, ended_at) values (17, 17, 2, '2011-03-09 02:30:20', '2003-04-23 05:26:16');
insert into belongtos (id, employee_id, department_id, started_at, ended_at) values (18, 18, 2, '2009-05-18 17:13:18', '2019-10-17 16:17:40');
insert into belongtos (id, employee_id, department_id, started_at, ended_at) values (19, 19, 1, '2012-12-03 05:58:26', '2019-10-03 05:09:58');
insert into belongtos (id, employee_id, department_id, started_at, ended_at) values (20, 20, 3, '2005-07-08 01:13:12', '2014-12-16 02:02:33');

insert into salaries (id, employee_id, paied_at, amount) values (1, 1, '2012-04-07 16:47:04', 211552);
insert into salaries (id, employee_id, paied_at, amount) values (2, 2, '2018-02-07 19:36:02', 468814);
insert into salaries (id, employee_id, paied_at, amount) values (3, 3, '2003-03-10 04:30:52', 206019);
insert into salaries (id, employee_id, paied_at, amount) values (4, 4, '2008-11-11 02:08:54', 260472);
insert into salaries (id, employee_id, paied_at, amount) values (5, 5, '2012-12-15 10:22:56', 301860);
insert into salaries (id, employee_id, paied_at, amount) values (6, 6, '2011-09-13 22:01:52', 307947);
insert into salaries (id, employee_id, paied_at, amount) values (7, 7, '2015-05-31 18:08:55', 411490);
insert into salaries (id, employee_id, paied_at, amount) values (8, 8, '2012-07-31 09:02:12', 220652);
insert into salaries (id, employee_id, paied_at, amount) values (9, 9, '2007-07-12 09:16:02', 424848);
insert into salaries (id, employee_id, paied_at, amount) values (10, 10, '2010-05-31 20:20:58', 276274);
insert into salaries (id, employee_id, paied_at, amount) values (11, 11, '2005-05-14 16:39:04', 410839);
insert into salaries (id, employee_id, paied_at, amount) values (12, 12, '2017-09-23 05:15:08', 394460);
insert into salaries (id, employee_id, paied_at, amount) values (13, 13, '2008-06-15 04:29:41', 380008);
insert into salaries (id, employee_id, paied_at, amount) values (14, 14, '2017-07-17 22:25:26', 271021);
insert into salaries (id, employee_id, paied_at, amount) values (15, 15, '2015-12-07 12:55:24', 445816);
insert into salaries (id, employee_id, paied_at, amount) values (16, 16, '2008-02-03 22:58:11', 495118);
insert into salaries (id, employee_id, paied_at, amount) values (17, 17, '2009-06-16 09:09:03', 442514);
insert into salaries (id, employee_id, paied_at, amount) values (18, 18, '2011-11-16 17:56:41', 490160);
insert into salaries (id, employee_id, paied_at, amount) values (19, 19, '2008-02-15 09:44:47', 431418);
insert into salaries (id, employee_id, paied_at, amount) values (20, 20, '2015-03-07 12:49:08', 492842);

insert into sales (id, quantity, customer_id, product_id, employee_id, sold_at) values (1, 5, 131, 42, 6, '2019-09-27 02:09:45');
insert into sales (id, quantity, customer_id, product_id, employee_id, sold_at) values (2, 10, 63, 28, 20, '2019-09-03 16:19:02');
insert into sales (id, quantity, customer_id, product_id, employee_id, sold_at) values (3, 5, 101, 69, 10, '2019-11-13 06:46:05');
insert into sales (id, quantity, customer_id, product_id, employee_id, sold_at) values (4, 2, 141, 56, 10, '2019-08-07 12:34:12');
insert into sales (id, quantity, customer_id, product_id, employee_id, sold_at) values (5, 9, 178, 60, 2, '2019-06-21 03:38:12');
insert into sales (id, quantity, customer_id, product_id, employee_id, sold_at) values (6, 10, 42, 43, 4, '2019-05-01 02:47:49');
insert into sales (id, quantity, customer_id, product_id, employee_id, sold_at) values (7, 4, 136, 78, 20, '2019-11-15 11:51:02');
insert into sales (id, quantity, customer_id, product_id, employee_id, sold_at) values (8, 3, 40, 67, 12, '2019-04-08 09:27:23');
insert into sales (id, quantity, customer_id, product_id, employee_id, sold_at) values (9, 10, 127, 1, 16, '2019-01-06 06:51:32');
insert into sales (id, quantity, customer_id, product_id, employee_id, sold_at) values (10, 7, 82, 96, 11, '2019-05-15 08:28:28');
insert into sales (id, quantity, customer_id, product_id, employee_id, sold_at) values (11, 10, 81, 96, 19, '2019-06-08 15:16:57');
insert into sales (id, quantity, customer_id, product_id, employee_id, sold_at) values (12, 3, 154, 16, 5, '2019-10-18 18:55:04');
insert into sales (id, quantity, customer_id, product_id, employee_id, sold_at) values (13, 4, 162, 84, 19, '2019-06-03 23:47:31');
insert into sales (id, quantity, customer_id, product_id, employee_id, sold_at) values (14, 5, 86, 26, 19, '2019-06-03 06:59:44');
insert into sales (id, quantity, customer_id, product_id, employee_id, sold_at) values (15, 4, 167, 18, 11, '2019-05-28 06:57:13');
insert into sales (id, quantity, customer_id, product_id, employee_id, sold_at) values (16, 2, 172, 56, 12, '2019-03-03 21:24:28');
insert into sales (id, quantity, customer_id, product_id, employee_id, sold_at) values (17, 2, 167, 55, 7, '2019-08-12 19:04:34');
insert into sales (id, quantity, customer_id, product_id, employee_id, sold_at) values (18, 3, 35, 97, 20, '2019-07-16 05:50:42');
insert into sales (id, quantity, customer_id, product_id, employee_id, sold_at) values (19, 9, 183, 44, 8, '2019-06-04 19:30:35');
insert into sales (id, quantity, customer_id, product_id, employee_id, sold_at) values (20, 1, 48, 15, 8, '2019-02-09 02:38:42');
insert into sales (id, quantity, customer_id, product_id, employee_id, sold_at) values (21, 3, 51, 53, 12, '2019-07-14 15:13:33');
insert into sales (id, quantity, customer_id, product_id, employee_id, sold_at) values (22, 9, 150, 18, 5, '2019-08-06 07:55:33');
insert into sales (id, quantity, customer_id, product_id, employee_id, sold_at) values (23, 7, 127, 69, 17, '2019-03-16 09:30:57');
insert into sales (id, quantity, customer_id, product_id, employee_id, sold_at) values (24, 1, 23, 44, 5, '2019-05-09 14:06:39');
insert into sales (id, quantity, customer_id, product_id, employee_id, sold_at) values (25, 1, 172, 46, 17, '2019-06-19 18:47:52');
insert into sales (id, quantity, customer_id, product_id, employee_id, sold_at) values (26, 10, 65, 79, 15, '2019-10-21 19:34:16');
insert into sales (id, quantity, customer_id, product_id, employee_id, sold_at) values (27, 3, 194, 60, 19, '2019-02-27 10:31:46');
insert into sales (id, quantity, customer_id, product_id, employee_id, sold_at) values (28, 2, 60, 73, 17, '2019-12-02 11:57:20');
insert into sales (id, quantity, customer_id, product_id, employee_id, sold_at) values (29, 2, 61, 76, 18, '2019-07-04 10:05:31');
insert into sales (id, quantity, customer_id, product_id, employee_id, sold_at) values (30, 9, 21, 44, 11, '2019-12-19 17:42:11');
insert into sales (id, quantity, customer_id, product_id, employee_id, sold_at) values (31, 10, 10, 15, 11, '2019-08-28 07:06:09');
insert into sales (id, quantity, customer_id, product_id, employee_id, sold_at) values (32, 9, 199, 92, 9, '2019-04-30 02:42:18');
insert into sales (id, quantity, customer_id, product_id, employee_id, sold_at) values (33, 7, 66, 35, 2, '2019-10-05 16:49:18');
insert into sales (id, quantity, customer_id, product_id, employee_id, sold_at) values (34, 4, 61, 69, 13, '2019-05-08 06:50:26');
insert into sales (id, quantity, customer_id, product_id, employee_id, sold_at) values (35, 10, 177, 9, 12, '2019-09-23 00:46:08');
insert into sales (id, quantity, customer_id, product_id, employee_id, sold_at) values (36, 9, 188, 88, 17, '2019-06-20 20:10:31');
insert into sales (id, quantity, customer_id, product_id, employee_id, sold_at) values (37, 9, 103, 89, 2, '2019-08-21 11:07:57');
insert into sales (id, quantity, customer_id, product_id, employee_id, sold_at) values (38, 3, 148, 74, 16, '2019-01-07 12:57:29');
insert into sales (id, quantity, customer_id, product_id, employee_id, sold_at) values (39, 6, 32, 41, 1, '2019-10-09 09:45:33');
insert into sales (id, quantity, customer_id, product_id, employee_id, sold_at) values (40, 10, 39, 6, 12, '2019-07-30 09:44:00');
insert into sales (id, quantity, customer_id, product_id, employee_id, sold_at) values (41, 4, 144, 70, 2, '2019-11-25 20:58:16');
insert into sales (id, quantity, customer_id, product_id, employee_id, sold_at) values (42, 2, 35, 100, 9, '2019-01-13 13:26:29');
insert into sales (id, quantity, customer_id, product_id, employee_id, sold_at) values (43, 3, 46, 90, 19, '2019-01-22 06:41:50');
insert into sales (id, quantity, customer_id, product_id, employee_id, sold_at) values (44, 9, 51, 77, 13, '2019-09-29 22:33:55');
insert into sales (id, quantity, customer_id, product_id, employee_id, sold_at) values (45, 7, 171, 4, 19, '2019-08-25 08:25:22');
insert into sales (id, quantity, customer_id, product_id, employee_id, sold_at) values (46, 6, 182, 23, 12, '2019-09-10 20:06:36');
insert into sales (id, quantity, customer_id, product_id, employee_id, sold_at) values (47, 3, 132, 10, 1, '2019-05-24 18:07:26');
insert into sales (id, quantity, customer_id, product_id, employee_id, sold_at) values (48, 7, 65, 77, 15, '2019-02-25 08:16:46');
insert into sales (id, quantity, customer_id, product_id, employee_id, sold_at) values (49, 7, 39, 28, 10, '2019-09-17 12:23:08');
insert into sales (id, quantity, customer_id, product_id, employee_id, sold_at) values (50, 9, 9, 65, 11, '2019-12-03 19:46:45');
insert into sales (id, quantity, customer_id, product_id, employee_id, sold_at) values (51, 7, 119, 23, 19, '2019-11-14 10:39:51');
insert into sales (id, quantity, customer_id, product_id, employee_id, sold_at) values (52, 4, 183, 6, 14, '2019-05-14 12:13:24');
insert into sales (id, quantity, customer_id, product_id, employee_id, sold_at) values (53, 3, 58, 99, 20, '2019-07-10 11:14:21');
insert into sales (id, quantity, customer_id, product_id, employee_id, sold_at) values (54, 9, 194, 78, 11, '2019-12-16 19:03:29');
insert into sales (id, quantity, customer_id, product_id, employee_id, sold_at) values (55, 3, 121, 85, 11, '2019-03-04 06:56:44');
insert into sales (id, quantity, customer_id, product_id, employee_id, sold_at) values (56, 10, 171, 45, 12, '2019-09-19 12:46:24');
insert into sales (id, quantity, customer_id, product_id, employee_id, sold_at) values (57, 9, 121, 51, 18, '2019-02-20 10:26:18');
insert into sales (id, quantity, customer_id, product_id, employee_id, sold_at) values (58, 9, 54, 8, 16, '2019-06-11 10:14:55');
insert into sales (id, quantity, customer_id, product_id, employee_id, sold_at) values (59, 4, 57, 69, 18, '2019-03-01 22:53:49');
insert into sales (id, quantity, customer_id, product_id, employee_id, sold_at) values (60, 9, 12, 7, 10, '2019-01-14 07:12:27');
insert into sales (id, quantity, customer_id, product_id, employee_id, sold_at) values (61, 8, 174, 86, 12, '2019-11-21 22:17:32');
insert into sales (id, quantity, customer_id, product_id, employee_id, sold_at) values (62, 5, 48, 8, 1, '2019-05-08 20:14:46');
insert into sales (id, quantity, customer_id, product_id, employee_id, sold_at) values (63, 8, 25, 72, 12, '2019-11-16 05:44:20');
insert into sales (id, quantity, customer_id, product_id, employee_id, sold_at) values (64, 7, 105, 45, 4, '2019-10-30 18:22:40');
insert into sales (id, quantity, customer_id, product_id, employee_id, sold_at) values (65, 6, 156, 75, 5, '2019-04-26 02:36:58');
insert into sales (id, quantity, customer_id, product_id, employee_id, sold_at) values (66, 5, 144, 91, 6, '2019-10-03 01:12:36');
insert into sales (id, quantity, customer_id, product_id, employee_id, sold_at) values (67, 3, 8, 1, 10, '2019-01-16 13:13:52');
insert into sales (id, quantity, customer_id, product_id, employee_id, sold_at) values (68, 3, 157, 1, 14, '2019-08-17 10:32:00');
insert into sales (id, quantity, customer_id, product_id, employee_id, sold_at) values (69, 6, 15, 30, 18, '2019-04-24 06:53:09');
insert into sales (id, quantity, customer_id, product_id, employee_id, sold_at) values (70, 4, 170, 41, 14, '2019-09-16 04:39:27');
insert into sales (id, quantity, customer_id, product_id, employee_id, sold_at) values (71, 4, 58, 77, 11, '2019-07-14 11:09:31');
insert into sales (id, quantity, customer_id, product_id, employee_id, sold_at) values (72, 8, 27, 87, 10, '2019-07-07 08:53:15');
insert into sales (id, quantity, customer_id, product_id, employee_id, sold_at) values (73, 3, 101, 38, 20, '2019-10-19 23:50:57');
insert into sales (id, quantity, customer_id, product_id, employee_id, sold_at) values (74, 8, 138, 74, 19, '2019-11-03 22:23:48');
insert into sales (id, quantity, customer_id, product_id, employee_id, sold_at) values (75, 9, 194, 68, 19, '2019-05-01 08:26:24');
insert into sales (id, quantity, customer_id, product_id, employee_id, sold_at) values (76, 6, 111, 8, 3, '2019-04-22 23:05:21');
insert into sales (id, quantity, customer_id, product_id, employee_id, sold_at) values (77, 4, 18, 21, 1, '2019-04-25 03:16:06');
insert into sales (id, quantity, customer_id, product_id, employee_id, sold_at) values (78, 10, 55, 31, 3, '2019-12-16 15:40:27');
insert into sales (id, quantity, customer_id, product_id, employee_id, sold_at) values (79, 8, 30, 3, 7, '2019-11-18 03:35:41');
insert into sales (id, quantity, customer_id, product_id, employee_id, sold_at) values (80, 7, 157, 64, 9, '2019-04-08 17:07:13');
insert into sales (id, quantity, customer_id, product_id, employee_id, sold_at) values (81, 6, 72, 61, 4, '2019-10-31 11:48:24');
insert into sales (id, quantity, customer_id, product_id, employee_id, sold_at) values (82, 5, 126, 38, 4, '2019-10-02 13:31:51');
insert into sales (id, quantity, customer_id, product_id, employee_id, sold_at) values (83, 3, 72, 77, 1, '2019-05-28 12:17:33');
insert into sales (id, quantity, customer_id, product_id, employee_id, sold_at) values (84, 1, 119, 81, 8, '2019-11-12 03:41:52');
insert into sales (id, quantity, customer_id, product_id, employee_id, sold_at) values (85, 9, 183, 93, 14, '2019-03-07 17:42:26');
insert into sales (id, quantity, customer_id, product_id, employee_id, sold_at) values (86, 6, 32, 70, 5, '2019-12-10 00:43:22');
insert into sales (id, quantity, customer_id, product_id, employee_id, sold_at) values (87, 1, 55, 7, 15, '2019-12-20 14:49:43');
insert into sales (id, quantity, customer_id, product_id, employee_id, sold_at) values (88, 2, 118, 60, 15, '2019-08-18 22:33:12');
insert into sales (id, quantity, customer_id, product_id, employee_id, sold_at) values (89, 1, 198, 74, 20, '2019-04-19 05:08:33');
insert into sales (id, quantity, customer_id, product_id, employee_id, sold_at) values (90, 1, 87, 63, 3, '2019-12-28 22:59:56');
insert into sales (id, quantity, customer_id, product_id, employee_id, sold_at) values (91, 4, 52, 54, 18, '2019-03-09 17:02:05');
insert into sales (id, quantity, customer_id, product_id, employee_id, sold_at) values (92, 3, 100, 77, 3, '2019-12-06 00:00:45');
insert into sales (id, quantity, customer_id, product_id, employee_id, sold_at) values (93, 6, 167, 20, 16, '2019-08-12 23:33:28');
insert into sales (id, quantity, customer_id, product_id, employee_id, sold_at) values (94, 7, 168, 23, 18, '2019-12-04 18:18:08');
insert into sales (id, quantity, customer_id, product_id, employee_id, sold_at) values (95, 1, 34, 90, 3, '2019-08-02 19:22:36');
insert into sales (id, quantity, customer_id, product_id, employee_id, sold_at) values (96, 3, 81, 20, 10, '2019-06-03 22:17:05');
insert into sales (id, quantity, customer_id, product_id, employee_id, sold_at) values (97, 5, 30, 100, 12, '2019-08-19 22:04:49');
insert into sales (id, quantity, customer_id, product_id, employee_id, sold_at) values (98, 2, 200, 41, 3, '2019-07-10 17:39:36');
insert into sales (id, quantity, customer_id, product_id, employee_id, sold_at) values (99, 8, 104, 69, 13, '2019-10-31 04:11:43');
insert into sales (id, quantity, customer_id, product_id, employee_id, sold_at) values (100, 9, 176, 80, 9, '2019-09-22 06:51:10');
insert into sales (id, quantity, customer_id, product_id, employee_id, sold_at) values (101, 9, 52, 100, 19, '2019-11-12 00:26:51');
insert into sales (id, quantity, customer_id, product_id, employee_id, sold_at) values (102, 2, 122, 52, 5, '2019-10-22 14:10:23');
insert into sales (id, quantity, customer_id, product_id, employee_id, sold_at) values (103, 9, 153, 15, 13, '2019-04-24 05:38:07');
insert into sales (id, quantity, customer_id, product_id, employee_id, sold_at) values (104, 9, 67, 65, 16, '2019-06-11 11:09:46');
insert into sales (id, quantity, customer_id, product_id, employee_id, sold_at) values (105, 1, 6, 95, 2, '2019-03-08 19:11:34');
insert into sales (id, quantity, customer_id, product_id, employee_id, sold_at) values (106, 3, 163, 45, 8, '2019-05-28 23:50:19');
insert into sales (id, quantity, customer_id, product_id, employee_id, sold_at) values (107, 1, 32, 7, 2, '2019-01-02 05:21:43');
insert into sales (id, quantity, customer_id, product_id, employee_id, sold_at) values (108, 7, 81, 50, 12, '2019-08-02 13:55:45');
insert into sales (id, quantity, customer_id, product_id, employee_id, sold_at) values (109, 7, 188, 54, 8, '2019-07-18 18:37:18');
insert into sales (id, quantity, customer_id, product_id, employee_id, sold_at) values (110, 8, 183, 1, 19, '2019-01-06 22:26:18');
insert into sales (id, quantity, customer_id, product_id, employee_id, sold_at) values (111, 5, 58, 62, 18, '2019-09-16 19:18:32');
insert into sales (id, quantity, customer_id, product_id, employee_id, sold_at) values (112, 6, 52, 93, 20, '2019-02-10 22:53:47');
insert into sales (id, quantity, customer_id, product_id, employee_id, sold_at) values (113, 8, 111, 41, 20, '2019-06-07 08:10:19');
insert into sales (id, quantity, customer_id, product_id, employee_id, sold_at) values (114, 3, 38, 24, 12, '2019-04-23 09:26:58');
insert into sales (id, quantity, customer_id, product_id, employee_id, sold_at) values (115, 2, 71, 11, 15, '2019-11-12 05:06:34');
insert into sales (id, quantity, customer_id, product_id, employee_id, sold_at) values (116, 10, 109, 56, 3, '2019-06-07 22:52:05');
insert into sales (id, quantity, customer_id, product_id, employee_id, sold_at) values (117, 8, 138, 59, 17, '2019-07-15 03:48:14');
insert into sales (id, quantity, customer_id, product_id, employee_id, sold_at) values (118, 6, 103, 39, 19, '2019-07-01 16:44:08');
insert into sales (id, quantity, customer_id, product_id, employee_id, sold_at) values (119, 6, 51, 60, 19, '2019-10-11 09:25:33');
insert into sales (id, quantity, customer_id, product_id, employee_id, sold_at) values (120, 2, 92, 41, 6, '2019-11-29 18:33:48');
insert into sales (id, quantity, customer_id, product_id, employee_id, sold_at) values (121, 7, 181, 81, 18, '2019-11-04 14:01:24');
insert into sales (id, quantity, customer_id, product_id, employee_id, sold_at) values (122, 2, 3, 100, 12, '2019-05-08 14:05:27');
insert into sales (id, quantity, customer_id, product_id, employee_id, sold_at) values (123, 7, 29, 17, 10, '2019-06-11 20:54:06');
insert into sales (id, quantity, customer_id, product_id, employee_id, sold_at) values (124, 10, 175, 66, 7, '2019-11-15 00:46:34');
insert into sales (id, quantity, customer_id, product_id, employee_id, sold_at) values (125, 7, 177, 2, 13, '2019-12-14 05:40:38');
insert into sales (id, quantity, customer_id, product_id, employee_id, sold_at) values (126, 4, 145, 96, 9, '2019-07-13 08:44:14');
insert into sales (id, quantity, customer_id, product_id, employee_id, sold_at) values (127, 3, 155, 76, 17, '2019-05-10 07:09:08');
insert into sales (id, quantity, customer_id, product_id, employee_id, sold_at) values (128, 10, 164, 16, 4, '2019-05-16 15:42:14');
insert into sales (id, quantity, customer_id, product_id, employee_id, sold_at) values (129, 3, 161, 17, 12, '2019-06-29 16:28:56');
insert into sales (id, quantity, customer_id, product_id, employee_id, sold_at) values (130, 3, 151, 92, 12, '2019-05-30 14:45:34');
insert into sales (id, quantity, customer_id, product_id, employee_id, sold_at) values (131, 8, 138, 94, 5, '2019-11-02 17:36:35');
insert into sales (id, quantity, customer_id, product_id, employee_id, sold_at) values (132, 8, 76, 65, 3, '2019-03-21 04:28:57');
insert into sales (id, quantity, customer_id, product_id, employee_id, sold_at) values (133, 9, 148, 91, 8, '2019-02-23 17:42:53');
insert into sales (id, quantity, customer_id, product_id, employee_id, sold_at) values (134, 4, 59, 66, 14, '2019-02-25 22:18:29');
insert into sales (id, quantity, customer_id, product_id, employee_id, sold_at) values (135, 2, 101, 89, 20, '2019-06-15 02:51:16');
insert into sales (id, quantity, customer_id, product_id, employee_id, sold_at) values (136, 5, 81, 83, 6, '2019-09-14 22:02:50');
insert into sales (id, quantity, customer_id, product_id, employee_id, sold_at) values (137, 2, 143, 63, 18, '2019-03-10 09:13:07');
insert into sales (id, quantity, customer_id, product_id, employee_id, sold_at) values (138, 6, 117, 98, 19, '2019-03-13 18:44:01');
insert into sales (id, quantity, customer_id, product_id, employee_id, sold_at) values (139, 8, 189, 32, 19, '2019-08-01 12:40:11');
insert into sales (id, quantity, customer_id, product_id, employee_id, sold_at) values (140, 2, 200, 74, 7, '2019-10-12 10:51:12');
insert into sales (id, quantity, customer_id, product_id, employee_id, sold_at) values (141, 7, 130, 11, 18, '2019-02-03 07:23:18');
insert into sales (id, quantity, customer_id, product_id, employee_id, sold_at) values (142, 9, 137, 86, 15, '2019-12-02 13:03:25');
insert into sales (id, quantity, customer_id, product_id, employee_id, sold_at) values (143, 9, 147, 27, 2, '2019-09-12 05:02:45');
insert into sales (id, quantity, customer_id, product_id, employee_id, sold_at) values (144, 5, 9, 58, 14, '2019-03-15 04:42:12');
insert into sales (id, quantity, customer_id, product_id, employee_id, sold_at) values (145, 10, 14, 88, 3, '2019-09-12 07:31:03');
insert into sales (id, quantity, customer_id, product_id, employee_id, sold_at) values (146, 1, 153, 10, 15, '2019-03-29 17:56:29');
insert into sales (id, quantity, customer_id, product_id, employee_id, sold_at) values (147, 3, 164, 5, 12, '2019-04-24 16:28:24');
insert into sales (id, quantity, customer_id, product_id, employee_id, sold_at) values (148, 8, 195, 81, 18, '2019-10-20 19:41:00');
insert into sales (id, quantity, customer_id, product_id, employee_id, sold_at) values (149, 10, 163, 51, 9, '2019-01-24 19:38:51');
insert into sales (id, quantity, customer_id, product_id, employee_id, sold_at) values (150, 3, 174, 6, 14, '2019-05-24 11:09:51');
insert into sales (id, quantity, customer_id, product_id, employee_id, sold_at) values (151, 7, 159, 100, 17, '2019-11-29 00:32:10');
insert into sales (id, quantity, customer_id, product_id, employee_id, sold_at) values (152, 5, 129, 14, 19, '2019-08-08 22:38:13');
insert into sales (id, quantity, customer_id, product_id, employee_id, sold_at) values (153, 10, 126, 19, 9, '2019-05-31 23:11:18');
insert into sales (id, quantity, customer_id, product_id, employee_id, sold_at) values (154, 10, 98, 24, 7, '2019-11-04 21:38:03');
insert into sales (id, quantity, customer_id, product_id, employee_id, sold_at) values (155, 10, 147, 12, 18, '2019-10-11 01:44:31');
insert into sales (id, quantity, customer_id, product_id, employee_id, sold_at) values (156, 1, 12, 63, 15, '2019-07-08 21:25:25');
insert into sales (id, quantity, customer_id, product_id, employee_id, sold_at) values (157, 1, 112, 29, 11, '2019-07-03 16:48:18');
insert into sales (id, quantity, customer_id, product_id, employee_id, sold_at) values (158, 3, 34, 41, 1, '2019-01-17 18:50:08');
insert into sales (id, quantity, customer_id, product_id, employee_id, sold_at) values (159, 6, 1, 58, 13, '2019-12-20 00:28:18');
insert into sales (id, quantity, customer_id, product_id, employee_id, sold_at) values (160, 10, 50, 36, 14, '2019-11-28 17:02:19');
insert into sales (id, quantity, customer_id, product_id, employee_id, sold_at) values (161, 5, 103, 6, 13, '2019-11-24 23:06:52');
insert into sales (id, quantity, customer_id, product_id, employee_id, sold_at) values (162, 3, 96, 80, 18, '2019-10-20 09:26:10');
insert into sales (id, quantity, customer_id, product_id, employee_id, sold_at) values (163, 4, 90, 78, 15, '2019-08-11 12:10:02');
insert into sales (id, quantity, customer_id, product_id, employee_id, sold_at) values (164, 5, 37, 64, 1, '2019-09-22 12:15:55');
insert into sales (id, quantity, customer_id, product_id, employee_id, sold_at) values (165, 8, 122, 47, 18, '2019-04-12 18:39:04');
insert into sales (id, quantity, customer_id, product_id, employee_id, sold_at) values (166, 1, 130, 99, 5, '2019-09-17 09:45:28');
insert into sales (id, quantity, customer_id, product_id, employee_id, sold_at) values (167, 8, 173, 1, 15, '2019-06-26 23:52:13');
insert into sales (id, quantity, customer_id, product_id, employee_id, sold_at) values (168, 6, 26, 23, 16, '2019-06-30 22:44:12');
insert into sales (id, quantity, customer_id, product_id, employee_id, sold_at) values (169, 5, 49, 90, 14, '2019-10-25 16:08:50');
insert into sales (id, quantity, customer_id, product_id, employee_id, sold_at) values (170, 9, 95, 37, 8, '2019-07-07 10:31:44');
insert into sales (id, quantity, customer_id, product_id, employee_id, sold_at) values (171, 9, 129, 35, 5, '2019-09-08 17:20:23');
insert into sales (id, quantity, customer_id, product_id, employee_id, sold_at) values (172, 2, 100, 88, 9, '2019-04-28 21:29:59');
insert into sales (id, quantity, customer_id, product_id, employee_id, sold_at) values (173, 5, 164, 3, 4, '2019-07-04 11:06:45');
insert into sales (id, quantity, customer_id, product_id, employee_id, sold_at) values (174, 9, 162, 12, 4, '2019-02-07 14:40:27');
insert into sales (id, quantity, customer_id, product_id, employee_id, sold_at) values (175, 4, 30, 21, 5, '2019-05-19 12:56:51');
insert into sales (id, quantity, customer_id, product_id, employee_id, sold_at) values (176, 2, 69, 6, 9, '2019-06-25 17:04:48');
insert into sales (id, quantity, customer_id, product_id, employee_id, sold_at) values (177, 3, 154, 30, 1, '2019-08-21 06:00:49');
insert into sales (id, quantity, customer_id, product_id, employee_id, sold_at) values (178, 2, 37, 62, 11, '2019-02-05 03:21:09');
insert into sales (id, quantity, customer_id, product_id, employee_id, sold_at) values (179, 1, 114, 58, 10, '2019-07-10 18:16:14');
insert into sales (id, quantity, customer_id, product_id, employee_id, sold_at) values (180, 9, 81, 74, 19, '2019-09-19 09:33:37');
insert into sales (id, quantity, customer_id, product_id, employee_id, sold_at) values (181, 8, 67, 60, 18, '2019-05-24 10:22:30');
insert into sales (id, quantity, customer_id, product_id, employee_id, sold_at) values (182, 4, 79, 50, 5, '2019-10-03 10:12:16');
insert into sales (id, quantity, customer_id, product_id, employee_id, sold_at) values (183, 2, 5, 62, 11, '2019-11-07 21:30:15');
insert into sales (id, quantity, customer_id, product_id, employee_id, sold_at) values (184, 2, 140, 61, 15, '2019-09-24 17:02:27');
insert into sales (id, quantity, customer_id, product_id, employee_id, sold_at) values (185, 1, 195, 10, 18, '2019-03-02 20:30:32');
insert into sales (id, quantity, customer_id, product_id, employee_id, sold_at) values (186, 7, 187, 70, 1, '2019-07-17 21:34:38');
insert into sales (id, quantity, customer_id, product_id, employee_id, sold_at) values (187, 6, 137, 25, 20, '2019-02-02 20:58:54');
insert into sales (id, quantity, customer_id, product_id, employee_id, sold_at) values (188, 4, 157, 23, 19, '2019-08-27 23:25:31');
insert into sales (id, quantity, customer_id, product_id, employee_id, sold_at) values (189, 8, 103, 35, 9, '2019-06-05 11:28:09');
insert into sales (id, quantity, customer_id, product_id, employee_id, sold_at) values (190, 6, 138, 85, 19, '2019-08-18 20:26:38');
insert into sales (id, quantity, customer_id, product_id, employee_id, sold_at) values (191, 7, 21, 17, 5, '2019-07-16 06:52:11');
insert into sales (id, quantity, customer_id, product_id, employee_id, sold_at) values (192, 6, 181, 25, 14, '2019-12-26 09:29:56');
insert into sales (id, quantity, customer_id, product_id, employee_id, sold_at) values (193, 1, 138, 7, 5, '2019-01-02 00:26:53');
insert into sales (id, quantity, customer_id, product_id, employee_id, sold_at) values (194, 9, 92, 13, 14, '2019-12-29 00:18:19');
insert into sales (id, quantity, customer_id, product_id, employee_id, sold_at) values (195, 2, 115, 14, 11, '2019-11-20 04:51:48');
insert into sales (id, quantity, customer_id, product_id, employee_id, sold_at) values (196, 6, 22, 53, 2, '2019-11-12 16:31:38');
insert into sales (id, quantity, customer_id, product_id, employee_id, sold_at) values (197, 4, 142, 44, 14, '2019-03-16 01:35:31');
insert into sales (id, quantity, customer_id, product_id, employee_id, sold_at) values (198, 6, 176, 65, 1, '2019-02-03 03:04:22');
insert into sales (id, quantity, customer_id, product_id, employee_id, sold_at) values (199, 1, 41, 12, 6, '2019-08-13 23:29:19');
insert into sales (id, quantity, customer_id, product_id, employee_id, sold_at) values (200, 5, 74, 85, 8, '2019-10-17 18:01:42');
insert into sales (id, quantity, customer_id, product_id, employee_id, sold_at) values (201, 1, 179, 60, 12, '2019-05-08 16:15:22');
insert into sales (id, quantity, customer_id, product_id, employee_id, sold_at) values (202, 2, 167, 24, 8, '2019-02-23 18:16:47');
insert into sales (id, quantity, customer_id, product_id, employee_id, sold_at) values (203, 5, 177, 73, 7, '2019-03-31 16:03:56');
insert into sales (id, quantity, customer_id, product_id, employee_id, sold_at) values (204, 5, 155, 51, 20, '2019-01-01 13:02:44');
insert into sales (id, quantity, customer_id, product_id, employee_id, sold_at) values (205, 3, 170, 43, 1, '2019-12-17 04:25:01');
insert into sales (id, quantity, customer_id, product_id, employee_id, sold_at) values (206, 4, 87, 5, 2, '2019-07-02 08:23:40');
insert into sales (id, quantity, customer_id, product_id, employee_id, sold_at) values (207, 2, 125, 15, 6, '2019-12-14 13:42:19');
insert into sales (id, quantity, customer_id, product_id, employee_id, sold_at) values (208, 7, 104, 40, 20, '2019-03-13 10:45:55');
insert into sales (id, quantity, customer_id, product_id, employee_id, sold_at) values (209, 5, 1, 83, 13, '2019-01-06 06:48:51');
insert into sales (id, quantity, customer_id, product_id, employee_id, sold_at) values (210, 3, 52, 79, 10, '2019-10-22 14:52:55');
insert into sales (id, quantity, customer_id, product_id, employee_id, sold_at) values (211, 9, 78, 67, 3, '2019-08-30 20:54:32');
insert into sales (id, quantity, customer_id, product_id, employee_id, sold_at) values (212, 6, 125, 92, 4, '2019-12-17 00:49:20');
insert into sales (id, quantity, customer_id, product_id, employee_id, sold_at) values (213, 1, 81, 61, 1, '2019-04-30 10:17:10');
insert into sales (id, quantity, customer_id, product_id, employee_id, sold_at) values (214, 1, 177, 59, 5, '2019-04-26 10:36:12');
insert into sales (id, quantity, customer_id, product_id, employee_id, sold_at) values (215, 8, 159, 92, 1, '2019-02-25 04:40:52');
insert into sales (id, quantity, customer_id, product_id, employee_id, sold_at) values (216, 5, 171, 63, 1, '2019-12-21 14:24:50');
insert into sales (id, quantity, customer_id, product_id, employee_id, sold_at) values (217, 1, 48, 97, 13, '2019-07-21 20:09:07');
insert into sales (id, quantity, customer_id, product_id, employee_id, sold_at) values (218, 5, 73, 36, 9, '2019-03-07 09:50:17');
insert into sales (id, quantity, customer_id, product_id, employee_id, sold_at) values (219, 2, 187, 46, 20, '2019-08-13 14:03:57');
insert into sales (id, quantity, customer_id, product_id, employee_id, sold_at) values (220, 2, 115, 17, 3, '2019-07-03 10:32:46');
insert into sales (id, quantity, customer_id, product_id, employee_id, sold_at) values (221, 9, 184, 70, 15, '2019-05-05 22:39:58');
insert into sales (id, quantity, customer_id, product_id, employee_id, sold_at) values (222, 10, 56, 16, 14, '2019-02-23 13:07:01');
insert into sales (id, quantity, customer_id, product_id, employee_id, sold_at) values (223, 10, 18, 22, 1, '2019-03-12 02:33:16');
insert into sales (id, quantity, customer_id, product_id, employee_id, sold_at) values (224, 2, 161, 73, 16, '2019-06-28 19:43:18');
insert into sales (id, quantity, customer_id, product_id, employee_id, sold_at) values (225, 3, 2, 54, 10, '2019-01-24 15:57:40');
insert into sales (id, quantity, customer_id, product_id, employee_id, sold_at) values (226, 4, 100, 81, 17, '2019-04-12 08:37:45');
insert into sales (id, quantity, customer_id, product_id, employee_id, sold_at) values (227, 9, 110, 17, 5, '2019-06-17 12:46:50');
insert into sales (id, quantity, customer_id, product_id, employee_id, sold_at) values (228, 1, 90, 91, 5, '2019-01-28 14:24:13');
insert into sales (id, quantity, customer_id, product_id, employee_id, sold_at) values (229, 6, 128, 70, 19, '2019-12-30 21:07:17');
insert into sales (id, quantity, customer_id, product_id, employee_id, sold_at) values (230, 10, 40, 96, 14, '2019-05-02 13:56:08');
insert into sales (id, quantity, customer_id, product_id, employee_id, sold_at) values (231, 7, 185, 4, 3, '2019-07-25 11:38:02');
insert into sales (id, quantity, customer_id, product_id, employee_id, sold_at) values (232, 2, 90, 61, 14, '2019-07-04 15:38:53');
insert into sales (id, quantity, customer_id, product_id, employee_id, sold_at) values (233, 9, 195, 1, 8, '2019-03-06 07:54:12');
insert into sales (id, quantity, customer_id, product_id, employee_id, sold_at) values (234, 10, 99, 36, 2, '2019-11-24 09:14:51');
insert into sales (id, quantity, customer_id, product_id, employee_id, sold_at) values (235, 5, 1, 17, 2, '2019-01-06 08:20:52');
insert into sales (id, quantity, customer_id, product_id, employee_id, sold_at) values (236, 3, 16, 83, 8, '2019-11-23 17:52:31');
insert into sales (id, quantity, customer_id, product_id, employee_id, sold_at) values (237, 5, 15, 62, 6, '2019-10-19 04:56:40');
insert into sales (id, quantity, customer_id, product_id, employee_id, sold_at) values (238, 7, 130, 47, 18, '2019-04-15 10:24:33');
insert into sales (id, quantity, customer_id, product_id, employee_id, sold_at) values (239, 2, 94, 38, 16, '2019-08-12 05:21:18');
insert into sales (id, quantity, customer_id, product_id, employee_id, sold_at) values (240, 2, 156, 26, 14, '2019-06-22 01:50:09');
insert into sales (id, quantity, customer_id, product_id, employee_id, sold_at) values (241, 3, 140, 11, 3, '2019-07-04 04:27:03');
insert into sales (id, quantity, customer_id, product_id, employee_id, sold_at) values (242, 6, 182, 65, 2, '2019-12-12 11:05:16');
insert into sales (id, quantity, customer_id, product_id, employee_id, sold_at) values (243, 2, 141, 57, 15, '2019-05-11 15:12:36');
insert into sales (id, quantity, customer_id, product_id, employee_id, sold_at) values (244, 5, 173, 83, 6, '2019-07-22 03:31:28');
insert into sales (id, quantity, customer_id, product_id, employee_id, sold_at) values (245, 9, 171, 78, 9, '2019-06-23 04:47:02');
insert into sales (id, quantity, customer_id, product_id, employee_id, sold_at) values (246, 8, 65, 43, 9, '2019-08-15 09:37:07');
insert into sales (id, quantity, customer_id, product_id, employee_id, sold_at) values (247, 2, 182, 42, 19, '2019-08-24 14:34:55');
insert into sales (id, quantity, customer_id, product_id, employee_id, sold_at) values (248, 5, 170, 13, 9, '2019-11-18 07:28:43');
insert into sales (id, quantity, customer_id, product_id, employee_id, sold_at) values (249, 5, 122, 6, 14, '2019-01-31 09:09:44');
insert into sales (id, quantity, customer_id, product_id, employee_id, sold_at) values (250, 2, 119, 39, 18, '2019-02-22 14:03:12');
insert into sales (id, quantity, customer_id, product_id, employee_id, sold_at) values (251, 3, 14, 55, 3, '2019-04-19 23:35:40');
insert into sales (id, quantity, customer_id, product_id, employee_id, sold_at) values (252, 7, 75, 44, 15, '2019-05-19 08:08:53');
insert into sales (id, quantity, customer_id, product_id, employee_id, sold_at) values (253, 8, 84, 63, 14, '2019-06-18 10:53:18');
insert into sales (id, quantity, customer_id, product_id, employee_id, sold_at) values (254, 3, 51, 52, 6, '2019-11-23 11:35:37');
insert into sales (id, quantity, customer_id, product_id, employee_id, sold_at) values (255, 5, 115, 48, 4, '2019-04-14 17:03:20');
insert into sales (id, quantity, customer_id, product_id, employee_id, sold_at) values (256, 5, 178, 87, 9, '2019-10-07 03:45:14');
insert into sales (id, quantity, customer_id, product_id, employee_id, sold_at) values (257, 5, 161, 87, 9, '2019-07-06 05:10:33');
insert into sales (id, quantity, customer_id, product_id, employee_id, sold_at) values (258, 5, 65, 43, 3, '2019-05-10 15:53:36');
insert into sales (id, quantity, customer_id, product_id, employee_id, sold_at) values (259, 2, 135, 56, 17, '2019-12-16 02:47:10');
insert into sales (id, quantity, customer_id, product_id, employee_id, sold_at) values (260, 5, 174, 40, 8, '2019-07-06 21:17:12');
insert into sales (id, quantity, customer_id, product_id, employee_id, sold_at) values (261, 9, 60, 67, 18, '2019-03-12 17:35:30');
insert into sales (id, quantity, customer_id, product_id, employee_id, sold_at) values (262, 3, 191, 19, 13, '2019-08-16 22:13:14');
insert into sales (id, quantity, customer_id, product_id, employee_id, sold_at) values (263, 2, 27, 66, 9, '2019-06-01 04:44:25');
insert into sales (id, quantity, customer_id, product_id, employee_id, sold_at) values (264, 6, 172, 63, 17, '2019-06-10 15:05:45');
insert into sales (id, quantity, customer_id, product_id, employee_id, sold_at) values (265, 6, 140, 35, 15, '2019-05-28 17:17:24');
insert into sales (id, quantity, customer_id, product_id, employee_id, sold_at) values (266, 3, 114, 62, 7, '2019-10-29 09:44:04');
insert into sales (id, quantity, customer_id, product_id, employee_id, sold_at) values (267, 9, 199, 20, 15, '2019-01-08 20:55:14');
insert into sales (id, quantity, customer_id, product_id, employee_id, sold_at) values (268, 4, 76, 21, 11, '2019-04-18 02:33:25');
insert into sales (id, quantity, customer_id, product_id, employee_id, sold_at) values (269, 2, 81, 84, 20, '2019-06-15 18:31:10');
insert into sales (id, quantity, customer_id, product_id, employee_id, sold_at) values (270, 10, 172, 27, 18, '2019-06-17 16:24:18');
insert into sales (id, quantity, customer_id, product_id, employee_id, sold_at) values (271, 4, 81, 92, 7, '2019-05-24 10:53:48');
insert into sales (id, quantity, customer_id, product_id, employee_id, sold_at) values (272, 6, 19, 2, 16, '2019-07-03 15:01:12');
insert into sales (id, quantity, customer_id, product_id, employee_id, sold_at) values (273, 2, 25, 94, 19, '2019-12-20 00:04:56');
insert into sales (id, quantity, customer_id, product_id, employee_id, sold_at) values (274, 3, 196, 63, 20, '2019-06-30 04:11:12');
insert into sales (id, quantity, customer_id, product_id, employee_id, sold_at) values (275, 10, 119, 79, 1, '2019-07-17 19:17:46');
insert into sales (id, quantity, customer_id, product_id, employee_id, sold_at) values (276, 10, 183, 81, 11, '2019-06-22 16:39:22');
insert into sales (id, quantity, customer_id, product_id, employee_id, sold_at) values (277, 2, 199, 2, 12, '2019-10-15 05:50:25');
insert into sales (id, quantity, customer_id, product_id, employee_id, sold_at) values (278, 1, 55, 31, 14, '2019-09-19 19:25:10');
insert into sales (id, quantity, customer_id, product_id, employee_id, sold_at) values (279, 4, 22, 37, 3, '2019-10-10 10:35:11');
insert into sales (id, quantity, customer_id, product_id, employee_id, sold_at) values (280, 3, 154, 7, 4, '2019-05-05 12:36:25');
insert into sales (id, quantity, customer_id, product_id, employee_id, sold_at) values (281, 7, 109, 19, 16, '2019-04-12 01:18:48');
insert into sales (id, quantity, customer_id, product_id, employee_id, sold_at) values (282, 10, 149, 66, 8, '2019-10-17 10:21:47');
insert into sales (id, quantity, customer_id, product_id, employee_id, sold_at) values (283, 2, 88, 60, 3, '2019-01-23 12:46:33');
insert into sales (id, quantity, customer_id, product_id, employee_id, sold_at) values (284, 10, 29, 45, 20, '2019-06-15 13:14:52');
insert into sales (id, quantity, customer_id, product_id, employee_id, sold_at) values (285, 1, 101, 26, 5, '2019-11-22 04:50:17');
insert into sales (id, quantity, customer_id, product_id, employee_id, sold_at) values (286, 3, 67, 26, 8, '2019-08-11 20:44:33');
insert into sales (id, quantity, customer_id, product_id, employee_id, sold_at) values (287, 5, 145, 13, 4, '2019-10-29 10:25:09');
insert into sales (id, quantity, customer_id, product_id, employee_id, sold_at) values (288, 6, 187, 79, 10, '2019-09-30 12:45:13');
insert into sales (id, quantity, customer_id, product_id, employee_id, sold_at) values (289, 5, 165, 66, 6, '2019-02-04 11:50:05');
insert into sales (id, quantity, customer_id, product_id, employee_id, sold_at) values (290, 6, 78, 65, 19, '2019-05-17 08:43:13');
insert into sales (id, quantity, customer_id, product_id, employee_id, sold_at) values (291, 9, 150, 99, 8, '2019-11-28 03:58:36');
insert into sales (id, quantity, customer_id, product_id, employee_id, sold_at) values (292, 9, 49, 20, 8, '2019-10-31 16:21:49');
insert into sales (id, quantity, customer_id, product_id, employee_id, sold_at) values (293, 7, 112, 57, 9, '2019-09-29 09:30:11');
insert into sales (id, quantity, customer_id, product_id, employee_id, sold_at) values (294, 7, 147, 12, 5, '2019-03-01 14:04:27');
insert into sales (id, quantity, customer_id, product_id, employee_id, sold_at) values (295, 3, 1, 66, 5, '2019-10-28 09:54:39');
insert into sales (id, quantity, customer_id, product_id, employee_id, sold_at) values (296, 9, 57, 76, 3, '2019-01-28 21:33:47');
insert into sales (id, quantity, customer_id, product_id, employee_id, sold_at) values (297, 3, 81, 81, 3, '2019-02-23 15:21:23');
insert into sales (id, quantity, customer_id, product_id, employee_id, sold_at) values (298, 5, 19, 91, 7, '2019-10-15 15:39:23');
insert into sales (id, quantity, customer_id, product_id, employee_id, sold_at) values (299, 6, 2, 63, 14, '2019-10-11 16:11:55');
insert into sales (id, quantity, customer_id, product_id, employee_id, sold_at) values (300, 2, 61, 88, 12, '2019-03-09 22:54:58');



